Time,Payload,Payload_Occurrences
15:52:13.198,10 44 09 00 00 05 4A 61,5
15:52:13.204,21 73 6F 6E 20 44 65 72,5
15:52:13.227,22 75 6C 6F 20 2F 20 54,5
15:52:13.235,23 61 6B 65 20 59 6F 75,5
15:52:13.245,24 20 44 61 6E 63 69 6E,5
15:52:13.253,25 67 20 20 20 20 20 20,5
15:52:13.274,26 20 20 20 20 20 20 20,18
15:52:13.285,27 20 20 20 20 20 20 20,26
15:52:13.293,28 20 20 20 20 20 20 20,26
15:52:13.301,29 20 20 20 20 20 20 AA,34
15:52:16.829,10 10 0C 0E 01 05 1B 16,12
15:52:16.833,21 25 EE 45 4E 45 52 47,37
15:52:16.846,22 59 20 20 AA AA AA AA,35
15:52:16.874,10 10 0C 0E 02 05 10 28,11
15:52:16.881,21 28 A0 46 4C 55 58 46,34
15:52:16.888,22 4D 20 20 AA AA AA AA,35
15:52:16.924,10 10 0C 0E 03 05 14 51,11
15:52:16.934,21 25 1C 48 48 20 5A 57,36
15:52:16.946,22 45 49 20 AA AA AA AA,35
15:52:16.974,10 10 0C 0E 04 05 10 54,11
15:52:16.982,21 24 54 46 53 4B 20 39,36
15:52:16.990,22 33 2E 30 AA AA AA AA,36
15:52:17.024,10 10 0C 0E 05 05 10 55,11
15:52:17.033,21 23 D2 39 20 31 20 37,36
15:52:17.042,22 58 46 4D AA AA AA AA,35
15:52:17.073,10 10 0C 0E 06 05 D2 20,5
15:52:17.084,21 22 CE 44 6C 66 20 4B,35
15:52:17.095,22 75 6C 74 AA AA AA AA,53
15:52:17.125,10 10 0C 0E 07 05 D4 51,5
15:52:17.145,21 23 46 4E 44 52 20 39,33
15:52:17.151,22 30 2C 33 AA AA AA AA,32
15:52:17.184,10 10 0C 0E 08 05 D3 58,6
15:52:17.191,21 28 78 52 41 44 49 4F,36
15:52:17.197,22 20 48 48 AA AA AA AA,35
15:52:17.224,10 10 0C 0E 09 05 D7 5B,6
15:52:17.233,21 26 52 4B 4C 41 53 53,36
15:52:17.246,22 49 4B 20 AA AA AA AA,35
15:52:17.284,10 10 0C 0E 0A 05 D3 82,6
15:52:17.295,21 22 38 00 00 00 00 00,7
15:52:17.301,22 00 00 00 AA AA AA AA,60
15:52:17.333,10 10 0C 0E 0B 05 D3 83,6
15:52:17.349,21 26 C0 4E 44 52 20 4B,17
15:52:17.353,22 75 6C 74 AA AA AA AA,53
15:52:17.382,10 10 0C 0E 0C 05 D3 84,6
15:52:17.398,21 24 0E 00 00 00 00 00,14
15:52:17.405,22 00 00 00 AA AA AA AA,60
15:52:17.456,10 10 0C 0E 0D 05 D3 88,10
15:52:17.461,21 27 4C 00 00 00 00 00,25
15:52:17.471,22 00 00 00 AA AA AA AA,60
15:52:17.505,10 10 0C 0E 0E 05 D3 E1,12
15:52:17.528,21 22 F6 4E 44 52 20 31,34
15:52:17.534,22 20 53 48 AA AA AA AA,34
15:52:37.147,10 10 0C 0E 01 05 1B 16,12
15:52:37.155,21 25 EE 45 4E 45 52 47,37
15:52:37.161,22 59 20 20 AA AA AA AA,35
15:52:37.188,10 10 0C 0E 02 05 10 28,11
15:52:37.196,21 28 A0 46 4C 55 58 46,34
15:52:37.202,22 4D 20 20 AA AA AA AA,35
15:52:37.233,10 10 0C 0E 03 05 14 51,11
15:52:37.242,21 25 1C 48 48 20 5A 57,36
15:52:37.255,22 45 49 20 AA AA AA AA,35
15:52:37.282,10 10 0C 0E 04 05 10 54,11
15:52:37.297,21 24 54 46 53 4B 20 39,36
15:52:37.303,22 33 2E 30 AA AA AA AA,36
15:52:37.336,10 10 0C 0E 05 05 10 55,11
15:52:37.355,21 23 D2 39 20 31 20 37,36
15:52:37.362,22 58 46 4D AA AA AA AA,35
15:52:37.398,10 10 0C 0E 06 05 D2 20,5
15:52:37.402,21 22 CE 44 6C 66 20 4B,35
15:52:37.406,22 75 6C 74 AA AA AA AA,53
15:52:37.443,10 10 0C 0E 07 05 D4 51,5
15:52:37.461,21 23 46 4E 44 52 20 39,33
15:52:37.475,22 30 2C 33 AA AA AA AA,32
15:52:37.505,10 10 0C 0E 08 05 D3 58,6
15:52:37.521,21 28 78 52 41 44 49 4F,36
15:52:37.532,22 20 48 48 AA AA AA AA,35
15:52:37.562,10 10 0C 0E 09 05 D7 5B,6
15:52:37.566,21 26 52 4B 4C 41 53 53,36
15:52:37.582,22 49 4B 20 AA AA AA AA,35
15:52:37.631,10 10 0C 0E 0A 05 D3 82,6
15:52:37.642,21 22 38 00 00 00 00 00,7
15:52:37.656,22 00 00 00 AA AA AA AA,60
15:52:37.673,10 44 09 00 00 05 4A 61,5
15:52:37.681,21 73 6F 6E 20 44 65 72,5
15:52:37.694,22 75 6C 6F 20 2F 20 54,5
15:52:37.704,23 61 6B 65 20 59 6F 75,5
15:52:37.716,24 20 44 61 6E 63 69 6E,5
15:52:37.723,25 67 20 20 20 20 20 20,5
15:52:37.734,26 20 20 20 20 20 20 20,18
15:52:37.752,27 20 20 20 20 20 20 20,26
15:52:37.760,28 20 20 20 20 20 20 20,26
15:52:37.767,29 20 20 20 20 20 20 AA,34
15:52:37.779,10 10 0C 0E 0B 05 D3 83,6
15:52:37.783,21 26 C0 4E 44 52 20 4B,17
15:52:37.790,22 75 6C 74 AA AA AA AA,53
15:52:37.822,10 10 0C 0E 0C 05 D3 84,6
15:52:37.835,21 24 0E 00 00 00 00 00,14
15:52:37.842,22 00 00 00 AA AA AA AA,60
15:52:37.867,10 10 0C 0E 0D 05 D3 88,10
15:52:37.875,21 27 4C 00 00 00 00 00,25
15:52:37.892,22 00 00 00 AA AA AA AA,60
15:52:37.921,10 10 0C 0E 0E 05 D3 E1,12
15:52:37.934,21 22 F6 4E 44 52 20 31,34
15:52:37.942,22 20 53 48 AA AA AA AA,34
15:52:57.523,10 10 0C 0E 01 05 1B 16,12
15:52:57.537,21 25 EE 45 4E 45 52 47,37
15:52:57.550,22 59 20 20 AA AA AA AA,35
15:52:57.584,10 10 0C 0E 02 05 10 28,11
15:52:57.590,21 28 A0 46 4C 55 58 46,34
15:52:57.601,22 4D 20 20 AA AA AA AA,35
15:52:57.637,10 10 0C 0E 03 05 14 51,11
15:52:57.643,21 25 1C 48 48 20 5A 57,36
15:52:57.652,22 45 49 20 AA AA AA AA,35
15:52:57.684,10 10 0C 0E 04 05 10 54,11
15:52:57.692,21 24 54 46 53 4B 20 39,36
15:52:57.707,22 33 2E 30 AA AA AA AA,36
15:52:57.752,10 10 0C 0E 05 05 10 55,11
15:52:57.763,21 23 D2 39 20 31 20 37,36
15:52:57.771,22 58 46 4D AA AA AA AA,35
15:52:57.821,10 10 0C 0E 06 05 D2 20,5
15:52:57.834,21 22 CE 44 6C 66 20 4B,35
15:52:57.843,22 75 6C 74 AA AA AA AA,53
15:52:57.871,10 10 0C 0E 07 05 D4 51,5
15:52:57.883,21 23 46 4E 44 52 20 39,33
15:52:57.891,22 30 2C 33 AA AA AA AA,32
15:52:57.921,10 10 0C 0E 08 05 D3 58,6
15:52:57.929,21 28 78 52 41 44 49 4F,36
15:52:57.941,22 20 48 48 AA AA AA AA,35
15:52:57.971,10 10 0C 0E 09 05 D7 5B,6
15:52:57.990,21 26 52 4B 4C 41 53 53,36
15:52:58.004,22 49 4B 20 AA AA AA AA,35
15:52:58.037,10 10 0C 0E 0A 05 D3 82,6
15:52:58.042,21 22 38 00 00 00 00 00,7
15:52:58.052,22 00 00 00 AA AA AA AA,60
15:52:58.084,10 10 0C 0E 0B 05 D3 83,6
15:52:58.091,21 26 C0 4E 44 52 20 4B,17
15:52:58.102,22 75 6C 74 AA AA AA AA,53
15:52:58.135,10 10 0C 0E 0C 05 D3 84,6
15:52:58.144,21 24 0E 00 00 00 00 00,14
15:52:58.151,22 00 00 00 AA AA AA AA,60
15:52:58.183,10 10 0C 0E 0D 05 D3 88,10
15:52:58.189,21 27 4C 00 00 00 00 00,25
15:52:58.192,22 00 00 00 AA AA AA AA,60
15:52:58.222,10 10 0C 0E 0E 05 D3 E1,12
15:52:58.235,21 22 F6 4E 44 52 20 31,34
15:52:58.242,22 20 53 48 AA AA AA AA,34
15:53:01.892,10 44 09 00 00 05 4A 61,5
15:53:01.903,21 73 6F 6E 20 44 65 72,5
15:53:01.920,22 75 6C 6F 20 2F 20 54,5
15:53:01.924,23 61 6B 65 20 59 6F 75,5
15:53:01.939,24 20 44 61 6E 63 69 6E,5
15:53:01.943,25 67 20 20 20 20 20 20,5
15:53:01.952,26 20 20 20 20 20 20 20,18
15:53:01.964,27 20 20 20 20 20 20 20,26
15:53:01.970,28 20 20 20 20 20 20 20,26
15:53:01.975,29 20 20 20 20 20 20 AA,34
15:53:17.824,10 10 0C 0E 01 05 1B 16,12
15:53:17.830,21 25 EE 45 4E 45 52 47,37
15:53:17.841,22 59 20 20 AA AA AA AA,35
15:53:17.872,10 10 0C 0E 02 05 10 28,11
15:53:17.878,21 28 A0 46 4C 55 58 46,34
15:53:17.889,22 4D 20 20 AA AA AA AA,35
15:53:17.920,10 10 0C 0E 03 05 14 51,11
15:53:17.924,21 25 1C 48 48 20 5A 57,36
15:53:17.930,22 45 49 20 AA AA AA AA,35
15:53:17.963,10 10 0C 0E 04 05 10 54,11
15:53:17.972,21 24 54 46 53 4B 20 39,36
15:53:17.979,22 33 2E 30 AA AA AA AA,36
15:53:18.006,10 10 0C 0E 05 05 10 55,11
15:53:18.018,21 23 D2 39 20 31 20 37,36
15:53:18.024,22 58 46 4D AA AA AA AA,35
15:53:18.060,10 10 0C 0E 06 05 D2 20,5
15:53:18.072,21 22 CE 44 6C 66 20 4B,35
15:53:18.077,22 75 6C 74 AA AA AA AA,53
15:53:18.105,10 10 0C 0E 07 05 D4 51,5
15:53:18.118,21 23 46 4E 44 52 20 39,33
15:53:18.124,22 30 2C 33 AA AA AA AA,32
15:53:18.154,10 10 0C 0E 08 05 D3 58,6
15:53:18.158,21 28 78 52 41 44 49 4F,36
15:53:18.163,22 20 48 48 AA AA AA AA,35
15:53:18.192,10 10 0C 0E 09 05 D7 5B,6
15:53:18.200,21 26 52 4B 4C 41 53 53,36
15:53:18.207,22 49 4B 20 AA AA AA AA,35
15:53:18.241,10 10 0C 0E 0A 05 D3 82,6
15:53:18.253,21 22 38 00 00 00 00 00,7
15:53:18.259,22 00 00 00 AA AA AA AA,60
15:53:18.293,10 10 0C 0E 0B 05 D3 83,6
15:53:18.308,21 26 C0 4E 44 52 20 4B,17
15:53:18.328,22 75 6C 74 AA AA AA AA,53
15:53:18.356,10 10 0C 0E 0C 05 D3 84,6
15:53:18.363,21 24 0E 00 00 00 00 00,14
15:53:18.373,22 00 00 00 AA AA AA AA,60
15:53:18.404,10 10 0C 0E 0D 05 D3 88,10
15:53:18.421,21 27 4C 00 00 00 00 00,25
15:53:18.428,22 00 00 00 AA AA AA AA,60
15:53:18.456,10 10 0C 0E 0E 05 D3 E1,12
15:53:18.461,21 22 F6 4E 44 52 20 31,34
15:53:18.473,22 20 53 48 AA AA AA AA,34
15:53:26.359,10 44 09 00 00 05 4A 61,5
15:53:26.382,21 73 6F 6E 20 44 65 72,5
15:53:26.398,22 75 6C 6F 20 2F 20 54,5
15:53:26.403,23 61 6B 65 20 59 6F 75,5
15:53:26.418,24 20 44 61 6E 63 69 6E,5
15:53:26.430,25 67 20 20 20 20 20 20,5
15:53:26.444,26 20 20 20 20 20 20 20,18
15:53:26.482,27 20 20 20 20 20 20 20,26
15:53:26.492,28 20 20 20 20 20 20 20,26
15:53:26.503,29 20 20 20 20 20 20 AA,34
15:53:38.155,10 10 0C 0E 01 05 1B 16,12
15:53:38.163,21 25 EE 45 4E 45 52 47,37
15:53:38.170,22 59 20 20 AA AA AA AA,35
15:53:38.201,10 10 0C 0E 02 05 10 28,11
15:53:38.218,21 28 A0 46 4C 55 58 46,34
15:53:38.231,22 4D 20 20 AA AA AA AA,35
15:53:38.259,10 10 0C 0E 03 05 14 51,11
15:53:38.282,21 25 1C 48 48 20 5A 57,36
15:53:38.288,22 45 49 20 AA AA AA AA,35
15:53:38.332,10 10 0C 0E 04 05 10 54,11
15:53:38.354,21 24 54 46 53 4B 20 39,36
15:53:38.361,22 33 2E 30 AA AA AA AA,36
15:53:38.400,10 10 0C 0E 05 05 10 55,11
15:53:38.418,21 23 D2 39 20 31 20 37,36
15:53:38.426,22 58 46 4D AA AA AA AA,35
15:53:38.462,10 10 0C 0E 06 05 10 56,7
15:53:38.473,21 25 80 54 49 44 45 39,30
15:53:38.483,22 36 2E 30 AA AA AA AA,31
15:53:38.525,10 10 0C 0E 07 05 D2 20,6
15:53:38.540,21 22 CE 44 6C 66 20 4B,35
15:53:38.557,22 75 6C 74 AA AA AA AA,53
15:53:38.586,10 10 0C 0E 08 05 D3 58,6
15:53:38.599,21 28 78 52 41 44 49 4F,36
15:53:38.624,22 20 48 48 AA AA AA AA,35
15:53:38.657,10 10 0C 0E 09 05 D7 5B,6
15:53:38.661,21 26 52 4B 4C 41 53 53,36
15:53:38.667,22 49 4B 20 AA AA AA AA,35
15:53:38.704,10 10 0C 0E 0A 05 D3 82,6
15:53:38.719,21 22 38 00 00 00 00 00,7
15:53:38.723,22 00 00 00 AA AA AA AA,60
15:53:38.751,10 10 0C 0E 0B 05 D3 83,6
15:53:38.761,21 26 C0 4E 44 52 20 4B,17
15:53:38.773,22 75 6C 74 AA AA AA AA,53
15:53:38.803,10 10 0C 0E 0C 05 D3 84,6
15:53:38.821,21 24 0E 00 00 00 00 00,14
15:53:38.827,22 00 00 00 AA AA AA AA,60
15:53:38.853,10 10 0C 0E 0D 05 D3 88,10
15:53:38.859,21 27 4C 00 00 00 00 00,25
15:53:38.867,22 00 00 00 AA AA AA AA,60
15:53:38.899,10 10 0C 0E 0E 05 D3 E1,12
15:53:38.915,21 22 F6 4E 44 52 20 31,34
15:53:38.922,22 20 53 48 AA AA AA AA,34
15:54:39.150,10 10 0C 0D 01 05 1B 16,11
15:54:39.160,21 25 EE 45 4E 45 52 47,37
15:54:39.173,22 59 20 20 AA AA AA AA,35
15:54:39.187,10 44 09 00 00 05 4A 61,5
15:54:39.198,21 73 6F 6E 20 44 65 72,5
15:54:39.220,22 75 6C 6F 20 2F 20 54,5
15:54:39.229,23 61 6B 65 20 59 6F 75,5
15:54:39.237,24 20 44 61 6E 63 69 6E,5
15:54:39.241,25 67 20 20 20 20 20 20,5
15:54:39.250,26 20 20 20 20 20 20 20,18
15:54:39.260,27 20 20 20 20 20 20 20,26
15:54:39.288,28 20 20 20 20 20 20 20,26
15:54:39.295,29 20 20 20 20 20 20 AA,34
15:54:39.309,10 10 0C 0D 02 05 10 28,11
15:54:39.329,21 28 A0 46 4C 55 58 46,34
15:54:39.337,22 4D 20 20 AA AA AA AA,35
15:54:39.369,10 10 0C 0D 03 05 14 51,11
15:54:39.379,21 25 1C 48 48 20 5A 57,36
15:54:39.398,22 45 49 20 AA AA AA AA,35
15:54:39.429,10 10 0C 0D 04 05 10 54,11
15:54:39.439,21 24 54 46 53 4B 20 39,36
15:54:39.453,22 33 2E 30 AA AA AA AA,36
15:54:39.488,10 10 0C 0D 05 05 10 55,11
15:54:39.519,21 23 D2 39 20 31 20 37,36
15:54:39.530,22 58 46 4D AA AA AA AA,35
15:54:39.561,10 10 0C 0D 06 05 10 56,11
15:54:39.577,21 25 80 54 49 44 45 39,30
15:54:39.585,22 36 2E 30 AA AA AA AA,31
15:54:39.629,10 10 0C 0D 07 05 D2 20,11
15:54:39.639,21 22 CE 44 6C 66 20 4B,35
15:54:39.645,22 75 6C 74 AA AA AA AA,53
15:54:39.677,10 10 0C 0D 08 05 D4 51,11
15:54:39.685,21 23 46 4E 44 52 20 39,33
15:54:39.693,22 30 2C 33 AA AA AA AA,32
15:54:39.720,10 10 0C 0D 09 05 D3 58,11
15:54:39.727,21 28 78 52 41 44 49 4F,36
15:54:39.739,22 20 48 48 AA AA AA AA,35
15:54:39.768,10 10 0C 0D 0A 05 D7 5B,11
15:54:39.777,21 26 52 4B 4C 41 53 53,36
15:54:39.785,22 49 4B 20 AA AA AA AA,35
15:54:39.820,10 10 0C 0D 0B 05 D3 82,11
15:54:39.825,21 22 38 00 00 00 00 00,7
15:54:39.832,22 00 00 00 AA AA AA AA,60
15:54:39.870,10 10 0C 0D 0C 05 D3 88,11
15:54:39.879,21 27 4C 00 00 00 00 00,25
15:54:39.887,22 00 00 00 AA AA AA AA,60
15:54:39.920,10 10 0C 0D 0D 05 D3 E1,11
15:54:39.926,21 22 F6 4E 44 52 20 31,34
15:54:39.933,22 20 53 48 AA AA AA AA,34
15:54:59.543,10 10 0C 0E 01 05 1B 16,12
15:54:59.551,21 25 EE 45 4E 45 52 47,37
15:54:59.561,22 59 20 20 AA AA AA AA,35
15:54:59.590,10 10 0C 0E 02 05 10 28,11
15:54:59.626,21 28 A0 46 4C 55 58 46,34
15:54:59.640,22 4D 20 20 AA AA AA AA,35
15:54:59.669,10 10 0C 0E 03 05 14 51,11
15:54:59.679,21 25 1C 48 48 20 5A 57,36
15:54:59.685,22 45 49 20 AA AA AA AA,35
15:54:59.723,10 10 0C 0E 04 05 10 54,11
15:54:59.729,21 24 54 46 53 4B 20 39,36
15:54:59.740,22 33 2E 30 AA AA AA AA,36
15:54:59.773,10 10 0C 0E 05 05 10 55,11
15:54:59.784,21 23 D2 39 20 31 20 37,36
15:54:59.789,22 58 46 4D AA AA AA AA,35
15:54:59.821,10 10 0C 0E 06 05 10 56,7
15:54:59.828,21 25 80 54 49 44 45 39,30
15:54:59.841,22 36 2E 30 AA AA AA AA,31
15:54:59.875,10 10 0C 0E 07 05 D2 20,6
15:54:59.882,21 22 CE 44 6C 66 20 4B,35
15:54:59.889,22 75 6C 74 AA AA AA AA,53
15:54:59.921,10 10 0C 0E 08 05 D4 51,6
15:54:59.929,21 23 46 4E 44 52 20 39,33
15:54:59.937,22 30 2C 33 AA AA AA AA,32
15:54:59.966,10 10 0C 0E 09 05 D3 58,5
15:54:59.975,21 28 78 52 41 44 49 4F,36
15:54:59.979,22 20 48 48 AA AA AA AA,35
15:55:00.013,10 10 0C 0E 0A 05 D7 5B,6
15:55:00.029,21 26 52 4B 4C 41 53 53,36
15:55:00.042,22 49 4B 20 AA AA AA AA,35
15:55:00.055,10 44 09 00 00 05 54 61,7
15:55:00.062,21 74 65 20 4D 63 52 61,7
15:55:00.085,22 65 20 2F 20 59 6F 75,7
15:55:00.092,23 20 42 72 6F 6B 65 20,7
15:55:00.100,24 4D 65 20 46 69 20 20,1
15:55:00.111,25 20 20 20 20 20 20 20,7
15:55:00.126,26 20 20 20 20 20 20 20,18
15:55:00.131,27 20 20 20 20 20 20 20,26
15:55:00.139,28 20 20 20 20 20 20 20,26
15:55:00.145,29 20 20 20 20 20 20 AA,34
15:55:00.160,10 10 0C 0E 0B 05 D3 82,6
15:55:00.170,21 22 38 00 00 00 00 00,7
15:55:00.186,22 00 00 00 AA AA AA AA,60
15:55:00.221,10 10 0C 0E 0C 05 D3 85,5
15:55:00.229,21 24 CC 00 00 00 00 00,14
15:55:00.240,22 00 00 00 AA AA AA AA,60
15:55:00.288,10 10 0C 0E 0D 05 D3 88,10
15:55:00.297,21 27 4C 00 00 00 00 00,25
15:55:00.312,22 00 00 00 AA AA AA AA,60
15:55:00.342,10 10 0C 0E 0E 05 D3 E1,12
15:55:00.347,21 22 F6 4E 44 52 20 31,34
15:55:00.354,22 20 53 48 AA AA AA AA,34
15:55:04.303,10 44 09 00 00 05 54 61,7
15:55:04.317,21 74 65 20 4D 63 52 61,7
15:55:04.329,22 65 20 2F 20 59 6F 75,7
15:55:04.341,23 20 42 72 6F 6B 65 20,7
15:55:04.352,24 4D 65 20 46 69 72 73,6
15:55:04.370,25 74 20 20 20 20 20 20,6
15:55:04.379,26 20 20 20 20 20 20 20,18
15:55:04.397,27 20 20 20 20 20 20 20,26
15:55:04.427,28 20 20 20 20 20 20 20,26
15:55:04.436,29 20 20 20 20 20 20 AA,34
15:55:19.883,10 10 0C 0E 01 05 1B 16,12
15:55:19.893,21 25 EE 45 4E 45 52 47,37
15:55:19.911,22 59 20 20 AA AA AA AA,35
15:55:19.939,10 10 0C 0E 02 05 10 28,11
15:55:19.957,21 28 A0 46 4C 55 58 46,34
15:55:19.962,22 4D 20 20 AA AA AA AA,35
15:55:20.012,10 10 0C 0E 03 05 14 51,11
15:55:20.017,21 25 1C 48 48 20 5A 57,36
15:55:20.022,22 45 49 20 AA AA AA AA,35
15:55:20.058,10 10 0C 0E 04 05 10 54,11
15:55:20.063,21 24 54 46 53 4B 20 39,36
15:55:20.073,22 33 2E 30 AA AA AA AA,36
15:55:20.112,10 10 0C 0E 05 05 10 55,11
15:55:20.117,21 23 D2 39 20 31 20 37,36
15:55:20.130,22 58 46 4D AA AA AA AA,35
15:55:20.157,10 10 0C 0E 06 05 10 56,7
15:55:20.170,21 25 80 54 49 44 45 39,30
15:55:20.177,22 36 2E 30 AA AA AA AA,31
15:55:20.217,10 10 0C 0E 07 05 D2 20,6
15:55:20.223,21 22 CE 44 6C 66 20 4B,35
15:55:20.236,22 75 6C 74 AA AA AA AA,53
15:55:20.283,10 10 0C 0E 08 05 D4 51,6
15:55:20.296,21 23 46 4E 44 52 20 39,33
15:55:20.312,22 30 2C 33 AA AA AA AA,32
15:55:20.342,10 10 0C 0E 09 05 D3 58,5
15:55:20.360,21 28 78 52 41 44 49 4F,36
15:55:20.371,22 20 48 48 AA AA AA AA,35
15:55:20.417,10 10 0C 0E 0A 05 D7 5B,6
15:55:20.431,21 26 52 4B 4C 41 53 53,36
15:55:20.442,22 49 4B 20 AA AA AA AA,35
15:55:20.473,10 10 0C 0E 0B 05 D3 82,6
15:55:20.483,21 22 38 20 4E 44 52 20,29
15:55:20.495,22 32 20 20 AA AA AA AA,29
15:55:20.539,10 10 0C 0E 0C 05 D3 85,5
15:55:20.553,21 24 CC 00 00 00 00 00,14
15:55:20.562,22 00 00 00 AA AA AA AA,60
15:55:20.594,10 10 0C 0E 0D 05 D3 88,10
15:55:20.622,21 27 4C 00 00 00 00 00,25
15:55:20.634,22 00 00 00 AA AA AA AA,60
15:55:20.661,10 10 0C 0E 0E 05 D3 E1,12
15:55:20.673,21 22 F6 4E 44 52 20 31,34
15:55:20.682,22 20 53 48 AA AA AA AA,34
15:55:27.905,10 44 09 00 00 05 54 61,7
15:55:27.910,21 74 65 20 4D 63 52 61,7
15:55:27.917,22 65 20 2F 20 59 6F 75,7
15:55:27.935,23 20 42 72 6F 6B 65 20,7
15:55:27.946,24 4D 65 20 46 69 72 73,6
15:55:27.958,25 74 20 20 20 20 20 20,6
15:55:27.964,26 20 20 20 20 20 20 20,18
15:55:27.974,27 20 20 20 20 20 20 20,26
15:55:27.980,28 20 20 20 20 20 20 20,26
15:55:27.990,29 20 20 20 20 20 20 AA,34
15:55:40.151,10 10 0C 0E 01 05 1B 16,12
15:55:40.161,21 25 EE 45 4E 45 52 47,37
15:55:40.170,22 59 20 20 AA AA AA AA,35
15:55:40.203,10 10 0C 0E 02 05 10 28,11
15:55:40.211,21 28 A0 46 4C 55 58 46,34
15:55:40.218,22 4D 20 20 AA AA AA AA,35
15:55:40.250,10 10 0C 0E 03 05 14 51,11
15:55:40.260,21 25 1C 48 48 20 5A 57,36
15:55:40.284,22 45 49 20 AA AA AA AA,35
15:55:40.319,10 10 0C 0E 04 05 10 54,11
15:55:40.324,21 24 54 46 53 4B 20 39,36
15:55:40.330,22 33 2E 30 AA AA AA AA,36
15:55:40.362,10 10 0C 0E 05 05 10 55,11
15:55:40.369,21 23 D2 39 20 31 20 37,36
15:55:40.380,22 58 46 4D AA AA AA AA,35
15:55:40.420,10 10 0C 0E 06 05 10 56,7
15:55:40.429,21 25 80 54 49 44 45 39,30
15:55:40.450,22 36 2E 30 AA AA AA AA,31
15:55:40.483,10 10 0C 0E 07 05 D2 20,6
15:55:40.492,21 22 CE 44 6C 66 20 4B,35
15:55:40.510,22 75 6C 74 AA AA AA AA,53
15:55:40.554,10 10 0C 0E 08 05 D4 51,6
15:55:40.570,21 23 46 4E 44 52 20 39,33
15:55:40.594,22 30 2C 33 AA AA AA AA,32
15:55:40.622,10 10 0C 0E 09 05 D3 58,5
15:55:40.630,21 28 78 52 41 44 49 4F,36
15:55:40.651,22 20 48 48 AA AA AA AA,35
15:55:40.683,10 10 0C 0E 0A 05 D7 5B,6
15:55:40.703,21 26 52 4B 4C 41 53 53,36
15:55:40.712,22 49 4B 20 AA AA AA AA,35
15:55:40.743,10 10 0C 0E 0B 05 D3 82,6
15:55:40.761,21 22 38 20 4E 44 52 20,29
15:55:40.769,22 32 20 20 AA AA AA AA,29
15:55:40.798,10 10 0C 0E 0C 05 D3 85,5
15:55:40.820,21 24 CC 00 00 00 00 00,14
15:55:40.829,22 00 00 00 AA AA AA AA,60
15:55:40.860,10 10 0C 0E 0D 05 D3 88,10
15:55:40.869,21 27 4C 00 00 00 00 00,25
15:55:40.879,22 00 00 00 AA AA AA AA,60
15:55:40.912,10 10 0C 0E 0E 05 D3 E1,12
15:55:40.920,21 22 F6 4E 44 52 20 31,34
15:55:40.928,22 20 53 48 AA AA AA AA,34
15:55:52.366,10 44 09 00 00 05 54 61,7
15:55:52.371,21 74 65 20 4D 63 52 61,7
15:55:52.378,22 65 20 2F 20 59 6F 75,7
15:55:52.386,23 20 42 72 6F 6B 65 20,7
15:55:52.415,24 4D 65 20 46 69 72 73,6
15:55:52.422,25 74 20 20 20 20 20 20,6
15:55:52.427,26 20 20 20 20 20 20 20,18
15:55:52.449,27 20 20 20 20 20 20 20,26
15:55:52.461,28 20 20 20 20 20 20 20,26
15:55:52.473,29 20 20 20 20 20 20 AA,34
15:56:00.535,10 10 0C 0D 01 05 1B 16,11
15:56:00.560,21 25 EE 45 4E 45 52 47,37
15:56:00.571,22 59 20 20 AA AA AA AA,35
15:56:00.619,10 10 0C 0D 02 05 10 28,11
15:56:00.627,21 28 A0 46 4C 55 58 46,34
15:56:00.634,22 4D 20 20 AA AA AA AA,35
15:56:00.674,10 10 0C 0D 03 05 14 51,11
15:56:00.678,21 25 1C 48 48 20 5A 57,36
15:56:00.686,22 45 49 20 AA AA AA AA,35
15:56:00.715,10 10 0C 0D 04 05 10 54,11
15:56:00.720,21 24 54 46 53 4B 20 39,36
15:56:00.727,22 33 2E 30 AA AA AA AA,36
15:56:00.757,10 10 0C 0D 05 05 10 55,11
15:56:00.763,21 23 D2 39 20 31 20 37,36
15:56:00.768,22 58 46 4D AA AA AA AA,35
15:56:00.796,10 10 0C 0D 06 05 10 56,11
15:56:00.810,21 25 80 54 49 44 45 39,30
15:56:00.820,22 36 2E 30 AA AA AA AA,31
15:56:00.857,10 10 0C 0D 07 05 D2 20,11
15:56:00.865,21 22 CE 44 6C 66 20 4B,35
15:56:00.870,22 75 6C 74 AA AA AA AA,53
15:56:00.912,10 10 0C 0D 08 05 D4 51,11
15:56:00.921,21 23 46 4E 44 52 20 39,33
15:56:00.927,22 30 2C 33 AA AA AA AA,32
15:56:00.957,10 10 0C 0D 09 05 D3 58,11
15:56:00.967,21 28 78 52 41 44 49 4F,36
15:56:00.972,22 20 48 48 AA AA AA AA,35
15:56:01.012,10 10 0C 0D 0A 05 D7 5B,11
15:56:01.018,21 26 52 4B 4C 41 53 53,36
15:56:01.021,22 49 4B 20 AA AA AA AA,35
15:56:01.060,10 10 0C 0D 0B 05 D3 82,11
15:56:01.078,21 22 38 20 4E 44 52 20,29
15:56:01.084,22 32 20 20 AA AA AA AA,29
15:56:01.121,10 10 0C 0D 0C 05 D3 88,11
15:56:01.127,21 27 4C 00 00 00 00 00,25
15:56:01.132,22 00 00 00 AA AA AA AA,60
15:56:01.164,10 10 0C 0D 0D 05 D3 E1,11
15:56:01.169,21 22 F6 4E 44 52 20 31,34
15:56:01.174,22 20 53 48 AA AA AA AA,34
15:56:16.582,10 44 09 00 00 05 54 61,7
15:56:16.589,21 74 65 20 4D 63 52 61,7
15:56:16.620,22 65 20 2F 20 59 6F 75,7
15:56:16.630,23 20 42 72 6F 6B 65 20,7
15:56:16.641,24 4D 65 20 46 69 72 73,6
15:56:16.662,25 74 20 20 20 20 20 20,6
15:56:16.673,26 20 20 20 20 20 20 20,18
15:56:16.681,27 20 20 20 20 20 20 20,26
15:56:16.691,28 20 20 20 20 20 20 20,26
15:56:16.711,29 20 20 20 20 20 20 AA,34
15:56:20.822,10 10 0C 0D 01 05 1B 16,11
15:56:20.830,21 25 EE 45 4E 45 52 47,37
15:56:20.839,22 59 20 20 AA AA AA AA,35
15:56:20.873,10 10 0C 0D 02 05 10 28,11
15:56:20.881,21 28 A0 46 4C 55 58 46,34
15:56:20.892,22 4D 20 20 AA AA AA AA,35
15:56:20.921,10 10 0C 0D 03 05 14 51,11
15:56:20.928,21 25 1C 48 48 20 5A 57,36
15:56:20.932,22 45 49 20 AA AA AA AA,35
15:56:20.965,10 10 0C 0D 04 05 10 54,11
15:56:20.973,21 24 54 46 53 4B 20 39,36
15:56:20.979,22 33 2E 30 AA AA AA AA,36
15:56:21.013,10 10 0C 0D 05 05 10 55,11
15:56:21.018,21 23 D2 39 20 31 20 37,36
15:56:21.022,22 58 46 4D AA AA AA AA,35
15:56:21.058,10 10 0C 0D 06 05 10 56,11
15:56:21.073,21 25 80 54 49 44 45 39,30
15:56:21.081,22 36 2E 30 AA AA AA AA,31
15:56:21.123,10 10 0C 0D 07 05 D2 20,11
15:56:21.131,21 22 CE 44 6C 66 20 4B,35
15:56:21.140,22 75 6C 74 AA AA AA AA,53
15:56:21.171,10 10 0C 0D 08 05 D4 51,11
15:56:21.177,21 23 46 4E 44 52 20 39,33
15:56:21.183,22 30 2C 33 AA AA AA AA,32
15:56:21.219,10 10 0C 0D 09 05 D3 58,11
15:56:21.228,21 28 78 52 41 44 49 4F,36
15:56:21.233,22 20 48 48 AA AA AA AA,35
15:56:21.264,10 10 0C 0D 0A 05 D7 5B,11
15:56:21.288,21 26 52 4B 4C 41 53 53,36
15:56:21.315,22 49 4B 20 AA AA AA AA,35
15:56:21.344,10 10 0C 0D 0B 05 D3 82,11
15:56:21.363,21 22 38 20 4E 44 52 20,29
15:56:21.372,22 32 20 20 AA AA AA AA,29
15:56:21.414,10 10 0C 0D 0C 05 D3 88,11
15:56:21.421,21 27 4C 00 00 00 00 00,25
15:56:21.430,22 00 00 00 AA AA AA AA,60
15:56:21.465,10 10 0C 0D 0D 05 D3 E1,11
15:56:21.481,21 22 F6 4E 44 52 20 31,34
15:56:21.488,22 20 53 48 AA AA AA AA,34
15:56:41.092,10 44 09 00 00 05 54 61,7
15:56:41.112,21 74 65 20 4D 63 52 61,7
15:56:41.126,22 65 20 2F 20 59 6F 75,7
15:56:41.132,23 20 42 72 6F 6B 65 20,7
15:56:41.141,24 4D 65 20 46 69 72 73,6
15:56:41.146,25 74 20 20 20 20 20 20,6
15:56:41.159,26 20 20 20 20 20 20 20,18
15:56:41.172,27 20 20 20 20 20 20 20,26
15:56:41.178,28 20 20 20 20 20 20 20,26
15:56:41.183,29 20 20 20 20 20 20 AA,34
15:56:41.246,10 10 0C 0E 01 05 1B 16,12
15:56:41.261,21 25 EE 45 4E 45 52 47,37
15:56:41.291,22 59 20 20 AA AA AA AA,35
15:56:41.322,10 10 0C 0E 02 05 10 28,11
15:56:41.331,21 28 A0 46 4C 55 58 46,34
15:56:41.339,22 4D 20 20 AA AA AA AA,35
15:56:41.371,10 10 0C 0E 03 05 14 51,11
15:56:41.377,21 25 1C 48 48 20 5A 57,36
15:56:41.383,22 45 49 20 AA AA AA AA,35
15:56:41.423,10 10 0C 0E 04 05 10 54,11
15:56:41.432,21 24 54 46 53 4B 20 39,36
15:56:41.442,22 33 2E 30 AA AA AA AA,36
15:56:41.483,10 10 0C 0E 05 05 10 55,11
15:56:41.503,21 23 D2 39 20 31 20 37,36
15:56:41.518,22 58 46 4D AA AA AA AA,35
15:56:41.546,10 10 0C 0E 06 05 10 56,7
15:56:41.559,21 25 80 54 49 44 45 39,30
15:56:41.579,22 36 2E 30 AA AA AA AA,31
15:56:41.623,10 10 0C 0E 07 05 D2 20,6
15:56:41.678,21 22 CE 44 6C 66 20 4B,35
15:56:41.688,22 75 6C 74 AA AA AA AA,53
15:56:41.721,10 10 0C 0E 08 05 D4 51,6
15:56:41.741,21 23 46 4E 44 52 20 39,33
15:56:41.759,22 30 2C 33 AA AA AA AA,32
15:56:41.786,10 10 0C 0E 09 05 D3 58,5
15:56:41.791,21 28 78 52 41 44 49 4F,36
15:56:41.807,22 20 48 48 AA AA AA AA,35
15:56:41.842,10 10 0C 0E 0A 05 D7 5B,6
15:56:41.848,21 26 52 4B 4C 41 53 53,36
15:56:41.860,22 49 4B 20 AA AA AA AA,35
15:56:41.891,10 10 0C 0E 0B 05 D3 82,6
15:56:41.903,21 22 38 20 4E 44 52 20,29
15:56:41.913,22 32 20 20 AA AA AA AA,29
15:56:41.943,10 10 0C 0E 0C 05 D3 85,5
15:56:41.951,21 24 CC 00 00 00 00 00,14
15:56:41.968,22 00 00 00 AA AA AA AA,60
15:56:41.994,10 10 0C 0E 0D 05 D3 88,10
15:56:42.007,21 27 4C 00 00 00 00 00,25
15:56:42.022,22 00 00 00 AA AA AA AA,60
15:56:42.067,10 10 0C 0E 0E 05 D3 E1,12
15:56:42.091,21 22 F6 4E 44 52 20 31,34
15:56:42.113,22 20 53 48 AA AA AA AA,34
15:57:01.633,10 10 0C 0D 01 05 1B 16,11
15:57:01.642,21 25 EE 45 4E 45 52 47,37
15:57:01.648,22 59 20 20 AA AA AA AA,35
15:57:01.679,10 10 0C 0D 02 05 10 28,11
15:57:01.685,21 28 A0 46 4C 55 58 46,34
15:57:01.694,22 4D 20 20 AA AA AA AA,35
15:57:01.724,10 10 0C 0D 03 05 14 51,11
15:57:01.734,21 25 1C 48 48 20 5A 57,36
15:57:01.743,22 45 49 20 AA AA AA AA,35
15:57:01.770,10 10 0C 0D 04 05 10 54,11
15:57:01.782,21 24 54 46 53 4B 20 39,36
15:57:01.790,22 33 2E 30 AA AA AA AA,36
15:57:01.824,10 10 0C 0D 05 05 10 55,11
15:57:01.832,21 23 D2 39 20 31 20 37,36
15:57:01.837,22 58 46 4D AA AA AA AA,35
15:57:01.866,10 10 0C 0D 06 05 10 56,11
15:57:01.877,21 25 80 54 49 44 45 39,30
15:57:01.885,22 36 2E 30 AA AA AA AA,31
15:57:01.918,10 10 0C 0D 07 05 D2 20,11
15:57:01.924,21 22 CE 44 6C 66 20 4B,35
15:57:01.934,22 75 6C 74 AA AA AA AA,53
15:57:01.966,10 10 0C 0D 08 05 D4 51,11
15:57:01.980,21 23 46 4E 44 52 20 39,33
15:57:01.989,22 30 2C 33 AA AA AA AA,32
15:57:02.026,10 10 0C 0D 09 05 D3 58,11
15:57:02.033,21 28 78 52 41 44 49 4F,36
15:57:02.043,22 20 48 48 AA AA AA AA,35
15:57:02.077,10 10 0C 0D 0A 05 D7 5B,11
15:57:02.086,21 26 52 4B 4C 41 53 53,36
15:57:02.092,22 49 4B 20 AA AA AA AA,35
15:57:02.127,10 10 0C 0D 0B 05 D3 82,11
15:57:02.134,21 22 38 20 4E 44 52 20,29
15:57:02.144,22 32 20 20 AA AA AA AA,29
15:57:02.172,10 10 0C 0D 0C 05 D3 88,11
15:57:02.182,21 27 4C 00 00 00 00 00,25
15:57:02.190,22 00 00 00 AA AA AA AA,60
15:57:02.218,10 10 0C 0D 0D 05 D3 E1,11
15:57:02.228,21 22 F6 4E 44 52 20 31,34
15:57:02.233,22 20 53 48 AA AA AA AA,34
15:57:05.319,10 44 09 00 00 05 54 61,7
15:57:05.324,21 74 65 20 4D 63 52 61,7
15:57:05.334,22 65 20 2F 20 59 6F 75,7
15:57:05.344,23 20 42 72 6F 6B 65 20,7
15:57:05.357,24 4D 65 20 46 69 72 73,6
15:57:05.369,25 74 20 20 20 20 20 20,6
15:57:05.378,26 20 20 20 20 20 20 20,18
15:57:05.384,27 20 20 20 20 20 20 20,26
15:57:05.401,28 20 20 20 20 20 20 20,26
15:57:05.425,29 20 20 20 20 20 20 AA,34
15:58:02.639,10 10 0C 0E 01 05 1B 16,12
15:58:02.648,21 25 EE 45 4E 45 52 47,37
15:58:02.656,22 59 20 20 AA AA AA AA,35
15:58:02.694,10 10 0C 0E 02 05 10 28,11
15:58:02.708,21 28 A0 46 4C 55 58 46,34
15:58:02.717,22 4D 20 20 AA AA AA AA,35
15:58:02.746,10 10 0C 0E 03 05 14 51,11
15:58:02.756,21 25 1C 48 48 20 5A 57,36
15:58:02.762,22 45 49 20 AA AA AA AA,35
15:58:02.793,10 10 0C 0E 04 05 10 54,11
15:58:02.811,21 24 54 46 53 4B 20 39,36
15:58:02.817,22 33 2E 30 AA AA AA AA,36
15:58:02.844,10 10 0C 0E 05 05 10 55,11
15:58:02.858,21 23 D2 39 20 31 20 37,36
15:58:02.866,22 58 46 4D AA AA AA AA,35
15:58:02.897,10 10 0C 0E 06 05 10 56,7
15:58:02.912,21 25 80 54 49 44 45 39,30
15:58:02.919,22 36 2E 30 AA AA AA AA,31
15:58:02.946,10 10 0C 0E 07 05 D2 20,6
15:58:02.956,21 22 CE 44 6C 66 20 4B,35
15:58:02.964,22 75 6C 74 AA AA AA AA,53
15:58:02.993,10 10 0C 0E 08 05 D4 51,6
15:58:03.011,21 23 46 4E 44 52 20 39,33
15:58:03.019,22 30 2C 33 AA AA AA AA,32
15:58:03.046,10 10 0C 0E 09 05 D3 58,5
15:58:03.056,21 28 78 52 41 44 49 4F,36
15:58:03.061,22 20 48 48 AA AA AA AA,35
15:58:03.088,10 10 0C 0E 0A 05 D7 5B,6
15:58:03.106,21 26 52 4B 4C 41 53 53,36
15:58:03.112,22 49 4B 20 AA AA AA AA,35
15:58:03.142,10 10 0C 0E 0B 05 D3 82,6
15:58:03.146,21 22 38 20 4E 44 52 20,29
15:58:03.156,22 32 20 20 AA AA AA AA,29
15:58:03.194,10 10 0C 0E 0C 05 D3 85,5
15:58:03.211,21 24 CC 00 00 00 00 00,14
15:58:03.221,22 00 00 00 AA AA AA AA,60
15:58:03.249,10 10 0C 0E 0D 05 D3 88,10
15:58:03.262,21 27 4C 00 00 00 00 00,25
15:58:03.266,22 00 00 00 AA AA AA AA,60
15:58:03.311,10 10 0C 0E 0E 05 D3 E1,12
15:58:03.317,21 22 F6 4E 44 52 20 31,34
15:58:03.323,22 20 53 48 AA AA AA AA,34
15:58:22.430,10 44 09 00 00 05 46 65,9
15:58:22.441,21 6C 69 78 20 4A 61 65,9
15:58:22.446,22 68 6E 20 66 65 61 74,9
15:58:22.459,23 2E 20 4E 65 61 20 26,9
15:58:22.466,24 20 42 72 79 6E 20 43,9
15:58:22.471,25 68 72 69 73 74 6F 70,8
15:58:22.477,26 68 65 72 20 2F 20 4E,8
15:58:22.483,27 6F 20 54 68 65 72 61,8
15:58:22.494,28 70 79 20 20 20 20 20,8
15:58:22.510,29 20 20 20 20 20 20 AA,34
15:58:22.945,10 10 0C 0D 01 05 1B 16,11
15:58:22.950,21 25 EE 45 4E 45 52 47,37
15:58:22.957,22 59 20 20 AA AA AA AA,35
15:58:22.987,10 10 0C 0D 02 05 10 28,11
15:58:22.994,21 28 A0 46 4C 55 58 46,34
15:58:22.998,22 4D 20 20 AA AA AA AA,35
15:58:23.030,10 10 0C 0D 03 05 14 51,11
15:58:23.035,21 25 1C 48 48 20 5A 57,36
15:58:23.045,22 45 49 20 AA AA AA AA,35
15:58:23.073,10 10 0C 0D 04 05 10 54,11
15:58:23.077,21 24 54 46 53 4B 20 39,36
15:58:23.084,22 33 2E 30 AA AA AA AA,36
15:58:23.116,10 10 0C 0D 05 05 10 55,11
15:58:23.121,21 23 D2 39 20 31 20 37,36
15:58:23.132,22 58 46 4D AA AA AA AA,35
15:58:23.158,10 10 0C 0D 06 05 10 56,11
15:58:23.163,21 25 80 54 49 44 45 39,30
15:58:23.168,22 36 2E 30 AA AA AA AA,31
15:58:23.199,10 10 0C 0D 07 05 D2 20,11
15:58:23.207,21 22 CE 44 6C 66 20 4B,35
15:58:23.214,22 75 6C 74 AA AA AA AA,53
15:58:23.245,10 10 0C 0D 08 05 D4 51,11
15:58:23.253,21 23 46 4E 44 52 20 39,33
15:58:23.258,22 30 2C 33 AA AA AA AA,32
15:58:23.287,10 10 0C 0D 09 05 D3 58,11
15:58:23.297,21 28 78 52 41 44 49 4F,36
15:58:23.311,22 20 48 48 AA AA AA AA,35
15:58:23.341,10 10 0C 0D 0A 05 D7 5B,11
15:58:23.346,21 26 52 4B 4C 41 53 53,36
15:58:23.358,22 49 4B 20 AA AA AA AA,35
15:58:23.395,10 10 0C 0D 0B 05 D3 82,11
15:58:23.399,21 22 38 20 4E 44 52 20,29
15:58:23.411,22 32 20 20 AA AA AA AA,29
15:58:23.441,10 10 0C 0D 0C 05 D3 88,11
15:58:23.446,21 27 4C 00 00 00 00 00,25
15:58:23.457,22 00 00 00 AA AA AA AA,60
15:58:23.487,10 10 0C 0D 0D 05 D3 E1,11
15:58:23.521,21 22 F6 4E 44 52 20 31,34
15:58:23.533,22 20 53 48 AA AA AA AA,34
15:58:43.305,10 10 0C 0D 01 05 1B 16,11
15:58:43.314,21 25 EE 45 4E 45 52 47,37
15:58:43.320,22 59 20 20 AA AA AA AA,35
15:58:43.349,10 10 0C 0D 02 05 10 28,11
15:58:43.359,21 28 A0 46 4C 55 58 46,34
15:58:43.365,22 4D 20 20 AA AA AA AA,35
15:58:43.397,10 10 0C 0D 03 05 14 51,11
15:58:43.407,21 25 1C 48 48 20 5A 57,36
15:58:43.414,22 45 49 20 AA AA AA AA,35
15:58:43.440,10 10 0C 0D 04 05 10 54,11
15:58:43.449,21 24 54 46 53 4B 20 39,36
15:58:43.463,22 33 2E 30 AA AA AA AA,36
15:58:43.489,10 10 0C 0D 05 05 10 55,11
15:58:43.500,21 23 D2 39 20 31 20 37,36
15:58:43.506,22 58 46 4D AA AA AA AA,35
15:58:43.536,10 10 0C 0D 06 05 10 56,11
15:58:43.549,21 25 80 54 49 44 45 39,30
15:58:43.558,22 36 2E 30 AA AA AA AA,31
15:58:43.587,10 10 0C 0D 07 05 D2 20,11
15:58:43.594,21 22 CE 44 6C 66 20 4B,35
15:58:43.603,22 75 6C 74 AA AA AA AA,53
15:58:43.636,10 10 0C 0D 08 05 D4 51,11
15:58:43.641,21 23 46 4E 44 52 20 39,33
15:58:43.650,22 30 2C 33 AA AA AA AA,32
15:58:43.677,10 10 0C 0D 09 05 D3 58,11
15:58:43.682,21 28 78 52 41 44 49 4F,36
15:58:43.688,22 20 48 48 AA AA AA AA,35
15:58:43.717,10 10 0C 0D 0A 05 D7 5B,11
15:58:43.725,21 26 52 4B 4C 41 53 53,36
15:58:43.734,22 49 4B 20 AA AA AA AA,35
15:58:43.761,10 10 0C 0D 0B 05 D3 82,11
15:58:43.765,21 22 38 20 4E 44 52 20,29
15:58:43.768,22 32 20 20 AA AA AA AA,29
15:58:43.797,10 10 0C 0D 0C 05 D3 88,11
15:58:43.803,21 27 4C 00 00 00 00 00,25
15:58:43.809,22 00 00 00 AA AA AA AA,60
15:58:43.837,10 10 0C 0D 0D 05 D3 E1,11
15:58:43.843,21 22 F6 4E 44 52 20 31,34
15:58:43.857,22 20 53 48 AA AA AA AA,34
15:58:46.870,10 44 09 00 00 05 46 65,9
15:58:46.876,21 6C 69 78 20 4A 61 65,9
15:58:46.886,22 68 6E 20 66 65 61 74,9
15:58:46.895,23 2E 20 4E 65 61 20 26,9
15:58:46.914,24 20 42 72 79 6E 20 43,9
15:58:46.926,25 68 72 69 73 74 6F 70,8
15:58:46.936,26 68 65 72 20 2F 20 4E,8
15:58:46.950,27 6F 20 54 68 65 72 61,8
15:58:46.962,28 70 79 20 20 20 20 20,8
15:58:46.967,29 20 20 20 20 20 20 AA,34
15:59:03.648,10 10 0C 0D 01 05 1B 16,11
15:59:03.662,21 25 EE 45 4E 45 52 47,37
15:59:03.673,22 59 20 20 AA AA AA AA,35
15:59:03.716,10 10 0C 0D 02 05 10 28,11
15:59:03.728,21 28 A0 46 4C 55 58 46,34
15:59:03.736,22 4D 20 20 AA AA AA AA,35
15:59:03.766,10 10 0C 0D 03 05 14 51,11
15:59:03.772,21 25 1C 48 48 20 5A 57,36
15:59:03.776,22 45 49 20 AA AA AA AA,35
15:59:03.817,10 10 0C 0D 04 05 10 54,11
15:59:03.829,21 24 54 46 53 4B 20 39,36
15:59:03.836,22 33 2E 30 AA AA AA AA,36
15:59:03.869,10 10 0C 0D 05 05 10 55,11
15:59:03.874,21 23 D2 39 20 31 20 37,36
15:59:03.879,22 58 46 4D AA AA AA AA,35
15:59:03.919,10 10 0C 0D 06 05 10 56,11
15:59:03.927,21 25 80 54 49 44 45 39,30
15:59:03.934,22 36 2E 30 AA AA AA AA,31
15:59:03.966,10 10 0C 0D 07 05 D2 20,11
15:59:03.971,21 22 CE 44 6C 66 20 4B,35
15:59:03.976,22 75 6C 74 AA AA AA AA,53
15:59:04.006,10 10 0C 0D 08 05 D4 51,11
15:59:04.019,21 23 46 4E 44 52 20 39,33
15:59:04.029,22 30 2C 33 AA AA AA AA,32
15:59:04.062,10 10 0C 0D 09 05 D3 58,11
15:59:04.068,21 28 78 52 41 44 49 4F,36
15:59:04.076,22 20 48 48 AA AA AA AA,35
15:59:04.122,10 10 0C 0D 0A 05 D7 5B,11
15:59:04.131,21 26 52 4B 4C 41 53 53,36
15:59:04.135,22 49 4B 20 AA AA AA AA,35
15:59:04.166,10 10 0C 0D 0B 05 D3 82,11
15:59:04.174,21 22 38 20 4E 44 52 20,29
15:59:04.179,22 32 20 20 AA AA AA AA,29
15:59:04.217,10 10 0C 0D 0C 05 D3 88,11
15:59:04.226,21 27 4C 00 00 00 00 00,25
15:59:04.235,22 00 00 00 AA AA AA AA,60
15:59:04.263,10 10 0C 0D 0D 05 D3 E1,11
15:59:04.286,21 22 F6 4E 44 52 20 31,34
15:59:04.294,22 20 53 48 AA AA AA AA,34
15:59:06.931,10 44 09 00 00 05 46 65,9
15:59:06.935,21 6C 69 78 20 4A 61 65,9
15:59:06.943,22 68 6E 20 66 65 61 74,9
15:59:06.956,23 2E 20 4E 65 61 20 26,9
15:59:06.965,24 20 42 72 79 6E 20 43,9
15:59:06.970,25 68 72 69 73 74 6F 70,8
15:59:06.975,26 68 65 72 20 2F 20 4E,8
15:59:06.983,27 6F 20 54 68 65 72 61,8
15:59:06.993,28 70 79 20 20 20 20 20,8
15:59:06.998,29 20 20 20 20 20 20 AA,34
15:59:23.962,10 10 0C 0D 01 05 1B 16,11
15:59:23.969,21 25 EE 45 4E 45 52 47,37
15:59:23.976,22 59 20 20 AA AA AA AA,35
15:59:24.002,10 10 0C 0D 02 05 10 28,11
15:59:24.017,21 28 A0 46 4C 55 58 46,34
15:59:24.040,22 4D 20 20 AA AA AA AA,35
15:59:24.068,10 10 0C 0D 03 05 14 51,11
15:59:24.077,21 25 1C 48 48 20 5A 57,36
15:59:24.085,22 45 49 20 AA AA AA AA,35
15:59:24.123,10 10 0C 0D 04 05 10 54,11
15:59:24.130,21 24 54 46 53 4B 20 39,36
15:59:24.139,22 33 2E 30 AA AA AA AA,36
15:59:24.170,10 10 0C 0D 05 05 10 55,11
15:59:24.176,21 23 D2 39 20 31 20 37,36
15:59:24.186,22 58 46 4D AA AA AA AA,35
15:59:24.218,10 10 0C 0D 06 05 10 56,11
15:59:24.230,21 25 80 54 49 44 45 39,30
15:59:24.240,22 36 2E 30 AA AA AA AA,31
15:59:24.291,10 10 0C 0D 07 05 D2 20,11
15:59:24.297,21 22 CE 44 6C 66 20 4B,35
15:59:24.300,22 75 6C 74 AA AA AA AA,53
15:59:24.329,10 10 0C 0D 08 05 D4 51,11
15:59:24.339,21 23 46 4E 44 52 20 39,33
15:59:24.347,22 30 2C 33 AA AA AA AA,32
15:59:24.373,10 10 0C 0D 09 05 D3 58,11
15:59:24.377,21 28 78 52 41 44 49 4F,36
15:59:24.397,22 20 48 48 AA AA AA AA,35
15:59:24.432,10 10 0C 0D 0A 05 D7 5B,11
15:59:24.440,21 26 52 4B 4C 41 53 53,36
15:59:24.462,22 49 4B 20 AA AA AA AA,35
15:59:24.492,10 10 0C 0D 0B 05 D3 82,11
15:59:24.496,21 22 38 20 4E 44 52 20,29
15:59:24.500,22 32 20 20 AA AA AA AA,29
15:59:24.530,10 10 0C 0D 0C 05 D3 88,11
15:59:24.547,21 27 4C 00 00 00 00 00,25
15:59:24.565,22 00 00 00 AA AA AA AA,60
15:59:24.596,10 10 0C 0D 0D 05 D3 E1,11
15:59:24.600,21 22 F6 4E 44 52 20 31,34
15:59:24.617,22 20 53 48 AA AA AA AA,34
15:59:31.375,10 44 09 00 00 05 46 65,9
15:59:31.382,21 6C 69 78 20 4A 61 65,9
15:59:31.400,22 68 6E 20 66 65 61 74,9
15:59:31.420,23 2E 20 4E 65 61 20 26,9
15:59:31.432,24 20 42 72 79 6E 20 43,9
15:59:31.443,25 68 72 69 73 74 6F 70,8
15:59:31.458,26 68 65 72 20 2F 20 4E,8
15:59:31.472,27 6F 20 54 68 65 72 61,8
15:59:31.479,28 70 79 20 20 20 20 20,8
15:59:31.491,29 20 20 20 20 20 20 AA,34
15:59:44.261,10 10 0C 0D 01 05 1B 16,11
15:59:44.273,21 25 EE 45 4E 45 52 47,37
15:59:44.292,22 59 20 20 AA AA AA AA,35
15:59:44.322,10 10 0C 0D 02 05 10 28,11
15:59:44.327,21 28 A0 46 4C 55 58 46,34
15:59:44.338,22 4D 20 20 AA AA AA AA,35
15:59:44.363,10 10 0C 0D 03 05 14 51,11
15:59:44.372,21 25 1C 48 48 20 5A 57,36
15:59:44.376,22 45 49 20 AA AA AA AA,35
15:59:44.403,10 10 0C 0D 04 05 10 54,11
15:59:44.421,21 24 54 46 53 4B 20 39,36
15:59:44.433,22 33 2E 30 AA AA AA AA,36
15:59:44.461,10 10 0C 0D 05 05 10 55,11
15:59:44.472,21 23 D2 39 20 31 20 37,36
15:59:44.477,22 58 46 4D AA AA AA AA,35
15:59:44.520,10 10 0C 0D 06 05 10 56,11
15:59:44.527,21 25 80 54 49 44 45 39,30
15:59:44.533,22 36 2E 30 AA AA AA AA,31
15:59:44.563,10 10 0C 0D 07 05 D2 20,11
15:59:44.573,21 22 CE 44 6C 66 20 4B,35
15:59:44.578,22 75 6C 74 AA AA AA AA,53
15:59:44.619,10 10 0C 0D 08 05 D4 51,11
15:59:44.632,21 23 46 4E 44 52 20 39,33
15:59:44.638,22 30 2C 33 AA AA AA AA,32
15:59:44.676,10 10 0C 0D 09 05 D3 58,11
15:59:44.689,21 28 78 52 41 44 49 4F,36
15:59:44.699,22 20 48 48 AA AA AA AA,35
15:59:44.729,10 10 0C 0D 0A 05 D7 5B,11
15:59:44.737,21 26 52 4B 4C 41 53 53,36
15:59:44.749,22 49 4B 20 AA AA AA AA,35
15:59:44.777,10 10 0C 0D 0B 05 D3 82,11
15:59:44.783,21 22 38 20 4E 44 52 20,29
15:59:44.792,22 32 20 20 AA AA AA AA,29
15:59:44.819,10 10 0C 0D 0C 05 D3 88,11
15:59:44.831,21 27 4C 00 00 00 00 00,25
15:59:44.838,22 00 00 00 AA AA AA AA,60
15:59:44.863,10 10 0C 0D 0D 05 D3 E1,11
15:59:44.873,21 22 F6 4E 44 52 20 31,34
15:59:44.881,22 20 53 48 AA AA AA AA,34
15:59:55.531,10 44 09 00 00 05 46 65,9
15:59:55.539,21 6C 69 78 20 4A 61 65,9
15:59:55.551,22 68 6E 20 66 65 61 74,9
15:59:55.566,23 2E 20 4E 65 61 20 26,9
15:59:55.581,24 20 42 72 79 6E 20 43,9
15:59:55.591,25 68 72 69 73 74 6F 70,8
15:59:55.596,26 68 65 72 20 2F 20 4E,8
15:59:55.601,27 6F 20 54 68 65 72 61,8
15:59:55.616,28 70 79 20 20 20 20 20,8
15:59:55.631,29 20 20 20 20 20 20 AA,34
16:00:04.633,10 10 0C 0D 01 05 1B 16,11
16:00:04.640,21 25 EE 45 4E 45 52 47,37
16:00:04.648,22 59 20 20 AA AA AA AA,35
16:00:04.679,10 10 0C 0D 02 05 10 28,11
16:00:04.689,21 28 A0 46 4C 55 58 46,34
16:00:04.700,22 4D 20 20 AA AA AA AA,35
16:00:04.732,10 10 0C 0D 03 05 14 51,11
16:00:04.741,21 25 1C 48 48 20 5A 57,36
16:00:04.749,22 45 49 20 AA AA AA AA,35
16:00:04.778,10 10 0C 0D 04 05 10 54,11
16:00:04.784,21 24 54 46 53 4B 20 39,36
16:00:04.792,22 33 2E 30 AA AA AA AA,36
16:00:04.818,10 10 0C 0D 05 05 10 55,11
16:00:04.830,21 23 D2 39 20 31 20 37,36
16:00:04.839,22 58 46 4D AA AA AA AA,35
16:00:04.869,10 10 0C 0D 06 05 10 56,11
16:00:04.879,21 25 80 54 49 44 45 39,30
16:00:04.883,22 36 2E 30 AA AA AA AA,31
16:00:04.918,10 10 0C 0D 07 05 D2 20,11
16:00:04.929,21 22 CE 44 6C 66 20 4B,35
16:00:04.939,22 75 6C 74 AA AA AA AA,53
16:00:04.968,10 10 0C 0D 08 05 D4 51,11
16:00:04.983,21 23 46 4E 44 52 20 39,33
16:00:04.992,22 30 2C 33 AA AA AA AA,32
16:00:05.024,10 10 0C 0D 09 05 D3 58,11
16:00:05.033,21 28 78 52 41 44 49 4F,36
16:00:05.040,22 20 48 48 AA AA AA AA,35
16:00:05.074,10 10 0C 0D 0A 05 D7 5B,11
16:00:05.081,21 26 52 4B 4C 41 53 53,36
16:00:05.092,22 49 4B 20 AA AA AA AA,35
16:00:05.121,10 10 0C 0D 0B 05 D3 82,11
16:00:05.131,21 22 38 20 4E 44 52 20,29
16:00:05.143,22 32 20 20 AA AA AA AA,29
16:00:05.174,10 10 0C 0D 0C 05 D3 88,11
16:00:05.183,21 27 4C 00 00 00 00 00,25
16:00:05.192,22 00 00 00 AA AA AA AA,60
16:00:05.221,10 10 0C 0D 0D 05 D3 E1,11
16:00:05.231,21 22 F6 4E 44 52 20 31,34
16:00:05.239,22 20 53 48 AA AA AA AA,34
16:00:20.045,10 44 09 00 00 05 46 65,9
16:00:20.050,21 6C 69 78 20 4A 61 65,9
16:00:20.059,22 68 6E 20 66 65 61 74,9
16:00:20.072,23 2E 20 4E 65 61 20 26,9
16:00:20.082,24 20 42 72 79 6E 20 43,9
16:00:20.089,25 68 72 69 73 74 6F 70,8
16:00:20.096,26 68 65 72 20 2F 20 4E,8
16:00:20.111,27 6F 20 54 68 65 72 61,8
16:00:20.119,28 70 79 20 20 20 20 20,8
16:00:20.130,29 20 20 20 20 20 20 AA,34
16:00:25.003,10 10 0C 0D 01 05 1B 16,11
16:00:25.015,21 25 EE 45 4E 45 52 47,37
16:00:25.021,22 59 20 20 AA AA AA AA,35
16:00:25.051,10 10 0C 0D 02 05 10 28,11
16:00:25.058,21 28 A0 46 4C 55 58 46,34
16:00:25.072,22 4D 20 20 AA AA AA AA,35
16:00:25.100,10 10 0C 0D 03 05 14 51,11
16:00:25.113,21 25 1C 48 48 20 5A 57,36
16:00:25.120,22 45 49 20 AA AA AA AA,35
16:00:25.153,10 10 0C 0D 04 05 10 54,11
16:00:25.161,21 24 54 46 53 4B 20 39,36
16:00:25.171,22 33 2E 30 AA AA AA AA,36
16:00:25.214,10 10 0C 0D 05 05 10 55,11
16:00:25.218,21 23 D2 39 20 31 20 37,36
16:00:25.232,22 58 46 4D AA AA AA AA,35
16:00:25.261,10 10 0C 0D 06 05 10 56,11
16:00:25.273,21 25 80 54 49 44 45 39,30
16:00:25.296,22 36 2E 30 AA AA AA AA,31
16:00:25.334,10 10 0C 0D 07 05 D2 20,11
16:00:25.349,21 22 CE 44 6C 66 20 4B,35
16:00:25.360,22 75 6C 74 AA AA AA AA,53
16:00:25.400,10 10 0C 0D 08 05 D4 51,11
16:00:25.417,21 23 46 4E 44 52 20 39,33
16:00:25.432,22 30 2C 33 AA AA AA AA,32
16:00:25.460,10 10 0C 0D 09 05 D3 58,11
16:00:25.471,21 28 78 52 41 44 49 4F,36
16:00:25.491,22 20 48 48 AA AA AA AA,35
16:00:25.525,10 10 0C 0D 0A 05 D7 5B,11
16:00:25.532,21 26 52 4B 4C 41 53 53,36
16:00:25.538,22 49 4B 20 AA AA AA AA,35
16:00:25.569,10 10 0C 0D 0B 05 D3 82,11
16:00:25.576,21 22 38 20 4E 44 52 20,29
16:00:25.587,22 32 20 20 AA AA AA AA,29
16:00:25.633,10 10 0C 0D 0C 05 D3 88,11
16:00:25.639,21 27 4C 00 00 00 00 00,25
16:00:25.647,22 00 00 00 AA AA AA AA,60
16:00:25.676,10 10 0C 0D 0D 05 D3 E1,11
16:00:25.690,21 22 F6 4E 44 52 20 31,34
16:00:25.717,22 20 53 48 AA AA AA AA,34
16:00:44.222,10 44 09 00 00 05 46 65,9
16:00:44.232,21 6C 69 78 20 4A 61 65,9
16:00:44.241,22 68 6E 20 66 65 61 74,9
16:00:44.250,23 2E 20 4E 65 61 20 26,9
16:00:44.261,24 20 42 72 79 6E 20 43,9
16:00:44.270,25 68 72 69 73 74 6F 70,8
16:00:44.299,26 68 65 72 20 2F 20 4E,8
16:00:44.323,27 6F 20 54 68 65 72 61,8
16:00:44.330,28 70 79 20 20 20 20 20,8
16:00:44.343,29 20 20 20 20 20 20 AA,34
16:00:44.358,10 44 09 00 00 05 46 65,9
16:00:44.364,21 6C 69 78 20 4A 61 65,9
16:00:44.373,22 68 6E 20 66 65 61 74,9
16:00:44.380,23 2E 20 4E 65 61 20 26,9
16:00:44.410,24 20 42 72 79 6E 20 43,9
16:00:44.421,25 68 72 69 73 74 6F 70,8
16:00:44.431,26 68 65 72 20 2F 20 4E,8
16:00:44.441,27 6F 20 54 68 65 72 61,8
16:00:44.452,28 70 79 20 20 20 20 20,8
16:00:44.462,29 20 20 20 20 20 20 AA,34
16:00:45.344,10 10 0C 0F 01 05 1B 16,7
16:00:45.362,21 25 EE 45 4E 45 52 47,37
16:00:45.371,22 59 20 20 AA AA AA AA,35
16:00:45.413,10 10 0C 0F 02 05 10 28,8
16:00:45.428,21 28 A0 46 4C 55 58 46,34
16:00:45.433,22 4D 20 20 AA AA AA AA,35
16:00:45.463,10 10 0C 0F 03 05 14 51,8
16:00:45.477,21 25 1C 48 48 20 5A 57,36
16:00:45.497,22 45 49 20 AA AA AA AA,35
16:00:45.531,10 10 0C 0F 04 05 10 54,8
16:00:45.544,21 24 54 46 53 4B 20 39,36
16:00:45.560,22 33 2E 30 AA AA AA AA,36
16:00:45.593,10 10 0C 0F 05 05 10 55,8
16:00:45.610,21 23 D2 39 20 31 20 37,36
16:00:45.618,22 58 46 4D AA AA AA AA,35
16:00:45.645,10 10 0C 0F 06 05 10 56,8
16:00:45.652,21 25 80 54 49 44 45 39,30
16:00:45.662,22 36 2E 30 AA AA AA AA,31
16:00:45.692,10 10 0C 0F 07 05 D2 20,8
16:00:45.701,21 22 CE 44 6C 66 20 4B,35
16:00:45.717,22 75 6C 74 AA AA AA AA,53
16:00:45.750,10 10 0C 0F 08 05 D4 51,8
16:00:45.762,21 23 46 4E 44 52 20 39,33
16:00:45.767,22 30 2C 33 AA AA AA AA,32
16:00:45.796,10 10 0C 0F 09 05 D3 58,8
16:00:45.812,21 28 78 52 41 44 49 4F,36
16:00:45.818,22 20 48 48 AA AA AA AA,35
16:00:45.846,10 10 0C 0F 0A 05 D7 5B,7
16:00:45.852,21 26 52 4B 4C 41 53 53,36
16:00:45.862,22 49 4B 20 AA AA AA AA,35
16:00:45.892,10 10 0C 0F 0B 05 D3 82,8
16:00:45.920,21 22 38 20 4E 44 52 20,29
16:00:45.927,22 32 20 20 AA AA AA AA,29
16:00:45.960,10 10 0C 0F 0C 05 D3 83,8
16:00:45.967,21 26 C0 4E 44 52 20 4B,17
16:00:45.974,22 75 6C 74 AA AA AA AA,53
16:00:46.012,10 10 0C 0F 0D 05 D3 84,7
16:00:46.018,21 24 0E 00 00 00 00 00,14
16:00:46.031,22 00 00 00 AA AA AA AA,60
16:00:46.062,10 10 0C 0F 0E 05 D3 88,2
16:00:46.078,21 27 4C 00 00 00 00 00,25
16:00:46.082,22 00 00 00 AA AA AA AA,60
16:00:46.120,10 10 0C 0F 0F 05 D3 E1,7
16:00:46.129,21 22 F6 4E 44 52 20 31,34
16:00:46.138,22 20 53 48 AA AA AA AA,34
16:01:05.578,10 10 0C 0C 01 05 1B 16,4
16:01:05.584,21 25 EE 45 4E 45 52 47,37
16:01:05.595,22 59 20 20 AA AA AA AA,35
16:01:05.630,10 10 0C 0C 02 05 10 28,4
16:01:05.634,21 28 A0 46 4C 55 58 46,34
16:01:05.644,22 4D 20 20 AA AA AA AA,35
16:01:05.677,10 10 0C 0C 03 05 14 51,4
16:01:05.690,21 25 1C 48 48 20 5A 57,36
16:01:05.713,22 45 49 20 AA AA AA AA,35
16:01:05.745,10 10 0C 0C 04 05 10 54,3
16:01:05.751,21 24 54 46 53 4B 20 39,36
16:01:05.764,22 33 2E 30 AA AA AA AA,36
16:01:05.794,10 10 0C 0C 05 05 10 55,4
16:01:05.812,21 23 D2 39 20 31 20 37,36
16:01:05.818,22 58 46 4D AA AA AA AA,35
16:01:05.849,10 10 0C 0C 06 05 10 56,3
16:01:05.863,21 25 80 54 49 44 45 39,30
16:01:05.868,22 36 2E 30 AA AA AA AA,31
16:01:05.897,10 10 0C 0C 07 05 D2 20,3
16:01:05.910,21 22 CE 44 6C 66 20 4B,35
16:01:05.919,22 75 6C 74 AA AA AA AA,53
16:01:05.951,10 10 0C 0C 08 05 D3 58,2
16:01:05.967,21 28 78 52 41 44 49 4F,36
16:01:05.970,22 20 48 48 AA AA AA AA,35
16:01:06.002,10 10 0C 0C 09 05 D7 5B,2
16:01:06.013,21 26 52 4B 4C 41 53 53,36
16:01:06.022,22 49 4B 20 AA AA AA AA,35
16:01:06.062,10 10 0C 0C 0A 05 D3 82,2
16:01:06.070,21 22 38 20 4E 44 52 20,29
16:01:06.088,22 32 20 20 AA AA AA AA,29
16:01:06.126,10 10 0C 0C 0B 05 D3 88,1
16:01:06.132,21 27 4C 00 00 00 00 00,25
16:01:06.140,22 00 00 00 AA AA AA AA,60
16:01:06.169,10 10 0C 0C 0C 05 D3 E1,2
16:01:06.173,21 22 F6 4E 44 52 20 31,34
16:01:06.180,22 20 53 48 AA AA AA AA,34
16:01:06.638,10 44 09 00 00 05 46 65,9
16:01:06.648,21 6C 69 78 20 4A 61 65,9
16:01:06.652,22 68 6E 20 66 65 61 74,9
16:01:06.662,23 2E 20 4E 65 61 20 26,9
16:01:06.671,24 20 42 72 79 6E 20 43,9
16:01:06.690,25 68 72 20 20 20 20 20,1
16:01:06.713,26 20 20 20 20 20 20 20,18
16:01:06.732,27 20 20 20 20 20 20 20,26
16:01:06.750,28 20 20 20 20 20 20 20,26
16:01:06.763,29 20 20 20 20 20 20 AA,34
16:01:10.840,10 44 09 00 00 05 41 76,5
16:01:10.851,21 61 20 4D 61 78 20 2F,6
16:01:10.864,22 20 57 68 6F 27 73 20,6
16:01:10.871,23 4C 61 75 67 68 69 6E,4
16:01:10.881,24 67 20 4E 6F 77 20 20,6
16:01:10.891,25 20 20 20 20 20 20 20,7
16:01:10.901,26 20 20 20 20 20 20 20,18
16:01:10.911,27 20 20 20 20 20 20 20,26
16:01:10.919,28 20 20 20 20 20 20 20,26
16:01:10.924,29 20 20 20 20 20 20 AA,34
16:01:26.372,10 10 0C 0C 01 05 1B 16,4
16:01:26.380,21 25 EE 45 4E 45 52 47,37
16:01:26.385,22 59 20 20 AA AA AA AA,35
16:01:26.432,10 10 0C 0C 02 05 10 28,4
16:01:26.438,21 28 A0 46 4C 55 58 46,34
16:01:26.452,22 4D 20 20 AA AA AA AA,35
16:01:26.501,10 10 0C 0C 03 05 14 51,4
16:01:26.530,21 25 1C 48 48 20 5A 57,36
16:01:26.535,22 45 49 20 AA AA AA AA,35
16:01:26.583,10 10 0C 0C 04 05 10 54,3
16:01:26.620,21 24 54 46 53 4B 20 39,36
16:01:26.669,22 33 2E 30 AA AA AA AA,36
16:01:26.725,10 10 0C 0C 05 05 10 55,4
16:01:26.757,21 23 D2 39 20 31 20 37,36
16:01:26.768,22 58 46 4D AA AA AA AA,35
16:01:26.815,10 10 0C 0C 06 05 10 56,3
16:01:26.824,21 25 80 54 49 44 45 39,30
16:01:26.834,22 36 2E 30 AA AA AA AA,31
16:01:26.876,10 10 0C 0C 07 05 D2 20,3
16:01:26.885,21 22 CE 44 6C 66 20 4B,35
16:01:26.895,22 75 6C 74 AA AA AA AA,53
16:01:26.932,10 10 0C 0C 08 05 D4 51,2
16:01:26.939,21 23 46 4E 44 52 20 39,33
16:01:26.960,22 30 2C 33 AA AA AA AA,32
16:01:26.991,10 10 0C 0C 09 05 D3 58,2
16:01:27.014,21 28 78 52 41 44 49 4F,36
16:01:27.024,22 20 48 48 AA AA AA AA,35
16:01:27.063,10 10 0C 0C 0A 05 D7 5B,2
16:01:27.080,21 26 52 4B 4C 41 53 53,36
16:01:27.095,22 49 4B 20 AA AA AA AA,35
16:01:27.133,10 10 0C 0C 0B 05 D3 82,2
16:01:27.143,21 22 38 20 4E 44 52 20,29
16:01:27.160,22 32 20 20 AA AA AA AA,29
16:01:27.196,10 10 0C 0C 0C 05 D3 E1,2
16:01:27.220,21 22 F6 4E 44 52 20 31,34
16:01:27.257,22 20 53 48 AA AA AA AA,34
16:01:32.924,10 44 09 00 00 05 41 76,5
16:01:32.935,21 61 20 4D 61 78 20 2F,6
16:01:32.963,22 20 57 68 6F 27 73 20,6
16:01:32.982,24 67 20 4E 6F 77 20 20,6
16:01:33.011,25 20 20 20 20 20 20 20,7
16:01:33.026,27 20 20 20 20 20 20 20,26
16:01:33.031,28 20 20 20 20 20 20 20,26
16:01:33.039,29 20 20 20 20 20 20 AA,34
16:01:46.119,10 10 0C 0C 01 05 1B 16,4
16:01:46.143,21 25 EE 45 4E 45 52 47,37
16:01:46.151,22 59 20 20 AA AA AA AA,35
16:01:46.183,10 10 0C 0C 02 05 10 28,4
16:01:46.214,22 4D 20 20 AA AA AA AA,35
16:01:46.244,10 10 0C 0C 03 05 14 51,4
16:01:46.251,21 25 1C 48 48 20 5A 57,36
16:01:46.266,22 45 49 20 AA AA AA AA,35
16:01:46.324,21 24 54 46 53 4B 20 39,36
16:01:46.365,10 10 0C 0C 05 05 10 55,4
16:01:46.373,21 23 D2 39 20 31 20 37,36
16:01:46.382,22 58 46 4D AA AA AA AA,35
16:01:46.425,10 10 0C 0C 06 05 10 56,3
16:01:46.432,21 25 80 54 49 44 45 39,30
16:01:46.441,22 36 2E 30 AA AA AA AA,31
16:01:46.472,10 10 0C 0C 07 05 D2 20,3
16:01:46.485,21 22 CE 44 6C 66 20 4B,35
16:01:46.496,22 75 6C 74 AA AA AA AA,53
16:01:46.532,10 10 0C 0C 08 05 D4 51,2
16:01:46.550,22 30 2C 33 AA AA AA AA,32
16:01:46.583,10 10 0C 0C 09 05 D3 58,2
16:01:46.653,10 10 0C 0C 0A 05 D7 5B,2
16:01:46.667,21 26 52 4B 4C 41 53 53,36
16:01:46.673,22 49 4B 20 AA AA AA AA,35
16:01:46.731,10 10 0C 0C 0B 05 D3 82,2
16:01:46.743,22 32 20 20 AA AA AA AA,29
16:01:46.781,21 24 0E 00 00 00 00 00,14
16:01:46.784,22 00 00 00 AA AA AA AA,60
16:01:57.439,10 44 09 00 00 05 41 76,5
16:01:57.447,21 61 20 4D 61 78 20 2F,6
16:01:57.453,22 20 57 68 6F 27 73 20,6
16:01:57.467,23 4C 61 75 67 68 69 6E,4
16:01:57.475,24 67 20 4E 6F 77 20 20,6
16:01:57.485,25 20 20 20 20 20 20 20,7
16:01:57.525,26 20 20 20 20 20 20 20,18
16:01:57.529,27 20 20 20 20 20 20 20,26
16:01:57.534,28 20 20 20 20 20 20 20,26
16:01:57.540,29 20 20 20 20 20 20 AA,34
16:02:06.247,10 10 0C 0C 01 05 1B 16,4
16:02:06.266,21 25 EE 45 4E 45 52 47,37
16:02:06.291,22 59 20 20 AA AA AA AA,35
16:02:06.329,10 10 0C 0C 02 05 10 28,4
16:02:06.341,21 28 A0 46 4C 55 58 46,34
16:02:06.347,22 4D 20 20 AA AA AA AA,35
16:02:06.379,10 10 0C 0C 03 05 14 51,4
16:02:06.397,21 25 1C 48 48 20 5A 57,36
16:02:06.427,22 45 49 20 AA AA AA AA,35
16:02:06.468,10 10 0C 0C 04 05 10 54,3
16:02:06.486,21 24 54 46 53 4B 20 39,36
16:02:06.524,22 33 2E 30 AA AA AA AA,36
16:02:06.552,10 10 0C 0C 05 05 10 55,4
16:02:06.561,21 23 D2 39 20 31 20 37,36
16:02:06.572,22 58 46 4D AA AA AA AA,35
16:02:06.605,10 10 0C 0C 06 05 D2 20,1
16:02:06.619,21 22 CE 44 6C 66 20 4B,35
16:02:06.629,22 75 6C 74 AA AA AA AA,53
16:02:06.668,10 10 0C 0C 07 05 D4 51,1
16:02:06.674,21 23 46 4E 44 52 20 39,33
16:02:06.682,22 30 2C 33 AA AA AA AA,32
16:02:06.730,10 10 0C 0C 08 05 D3 58,2
16:02:06.740,21 28 78 52 41 44 49 4F,36
16:02:06.745,22 20 48 48 AA AA AA AA,35
16:02:06.782,10 10 0C 0C 09 05 D7 5B,2
16:02:06.786,21 26 52 4B 4C 41 53 53,36
16:02:06.796,22 49 4B 20 AA AA AA AA,35
16:02:06.832,10 10 0C 0C 0A 05 D3 82,2
16:02:06.839,21 22 38 20 4E 44 52 20,29
16:02:06.847,22 32 20 20 AA AA AA AA,29
16:02:06.876,10 10 0C 0C 0B 05 D3 83,1
16:02:06.883,21 26 C0 4E 44 52 20 4B,17
16:02:06.891,22 75 6C 74 AA AA AA AA,53
16:02:06.923,10 10 0C 0C 0C 05 D3 84,1
16:02:06.930,21 24 0E 00 00 00 00 00,14
16:02:06.934,22 00 00 00 AA AA AA AA,60
16:02:21.615,10 44 09 00 00 05 41 76,5
16:02:21.630,21 61 20 4D 61 78 20 2F,6
16:02:21.639,22 20 57 68 6F 27 73 20,6
16:02:21.645,23 4C 61 75 67 68 69 6E,4
16:02:21.651,24 67 20 4E 6F 77 20 20,6
16:02:21.658,25 20 20 20 20 20 20 20,7
16:02:21.665,26 20 20 20 20 20 20 20,18
16:02:21.675,27 20 20 20 20 20 20 20,26
16:02:21.682,28 20 20 20 20 20 20 20,26
16:02:21.686,29 20 20 20 20 20 20 AA,34
16:02:26.561,10 10 0C 0E 01 05 1B 16,12
16:02:26.565,21 25 EE 45 4E 45 52 47,37
16:02:26.576,22 59 20 20 AA AA AA AA,35
16:02:26.607,10 10 0C 0E 02 05 10 28,11
16:02:26.614,21 28 A0 46 4C 55 58 46,34
16:02:26.632,22 4D 20 20 AA AA AA AA,35
16:02:26.664,10 10 0C 0E 03 05 14 51,11
16:02:26.674,21 25 1C 48 48 20 5A 57,36
16:02:26.682,22 45 49 20 AA AA AA AA,35
16:02:26.713,10 10 0C 0E 04 05 10 54,11
16:02:26.735,21 24 54 46 53 4B 20 39,36
16:02:26.742,22 33 2E 30 AA AA AA AA,36
16:02:26.776,10 10 0C 0E 05 05 10 55,11
16:02:26.787,22 58 46 4D AA AA AA AA,35
16:02:26.814,10 10 0C 0E 06 05 10 56,7
16:02:26.833,21 25 80 54 49 44 45 39,30
16:02:26.842,22 36 2E 30 AA AA AA AA,31
16:02:26.925,10 10 0C 0E 08 05 D4 51,6
16:02:26.933,21 23 46 4E 44 52 20 39,33
16:02:26.941,22 30 2C 33 AA AA AA AA,32
16:02:26.986,21 28 78 52 41 44 49 4F,36
16:02:26.993,22 20 48 48 AA AA AA AA,35
16:02:27.034,10 10 0C 0E 0A 05 D7 5B,6
16:02:27.042,21 26 52 4B 4C 41 53 53,36
16:02:27.046,22 49 4B 20 AA AA AA AA,35
16:02:27.082,10 10 0C 0E 0B 05 D3 82,6
16:02:27.093,21 22 38 20 4E 44 52 20,29
16:02:27.106,22 32 20 20 AA AA AA AA,29
16:02:27.142,21 26 C0 4E 44 52 20 4B,17
16:02:27.146,22 75 6C 74 AA AA AA AA,53
16:02:27.178,10 10 0C 0E 0D 05 D3 84,1
16:02:27.183,21 24 0E 00 00 00 00 00,14
16:02:27.192,22 00 00 00 AA AA AA AA,60
16:02:27.233,10 10 0C 0E 0E 05 D3 E1,12
16:02:27.238,21 22 F6 4E 44 52 20 31,34
16:02:27.244,22 20 53 48 AA AA AA AA,34
16:02:46.045,10 44 09 00 00 05 41 76,5
16:02:46.063,21 61 20 4D 61 78 20 2F,6
16:02:46.070,22 20 57 68 6F 27 73 20,6
16:02:46.082,23 4C 61 75 67 68 69 6E,4
16:02:46.104,24 67 20 4E 6F 77 20 20,6
16:02:46.118,25 20 20 20 20 20 20 20,7
16:02:46.137,26 20 20 20 20 20 20 20,18
16:02:46.143,27 20 20 20 20 20 20 20,26
16:02:46.165,28 20 20 20 20 20 20 20,26
16:02:46.171,29 20 20 20 20 20 20 AA,34
16:02:46.984,21 25 EE 45 4E 45 52 47,37
16:02:47.034,10 10 0C 0F 02 05 10 28,8
16:02:47.048,22 4D 20 20 AA AA AA AA,35
16:02:47.083,10 10 0C 0F 03 05 14 51,8
16:02:47.090,21 25 1C 48 48 20 5A 57,36
16:02:47.109,22 45 49 20 AA AA AA AA,35
16:02:47.143,10 10 0C 0F 04 05 10 54,8
16:02:47.159,21 24 54 46 53 4B 20 39,36
16:02:47.185,22 33 2E 30 AA AA AA AA,36
16:02:47.218,10 10 0C 0F 05 05 10 55,8
16:02:47.237,21 23 D2 39 20 31 20 37,36
16:02:47.242,22 58 46 4D AA AA AA AA,35
16:02:47.282,10 10 0C 0F 06 05 10 56,8
16:02:47.318,21 25 80 54 49 44 45 39,30
16:02:47.322,22 36 2E 30 AA AA AA AA,31
16:02:47.353,10 10 0C 0F 07 05 D2 20,8
16:02:47.368,21 22 CE 44 6C 66 20 4B,35
16:02:47.417,10 10 0C 0F 08 05 D4 51,8
16:02:47.422,21 23 46 4E 44 52 20 39,33
16:02:47.494,10 10 0C 0F 09 05 D3 58,8
16:02:47.514,21 28 78 52 41 44 49 4F,36
16:02:47.544,10 10 0C 0F 0A 05 D7 5B,7
16:02:47.561,22 49 4B 20 AA AA AA AA,35
16:02:47.610,10 10 0C 0F 0B 05 D3 82,8
16:02:47.617,21 22 38 20 4E 44 52 20,29
16:02:47.637,22 32 20 20 AA AA AA AA,29
16:02:47.667,10 10 0C 0F 0C 05 D3 83,8
16:02:47.704,21 26 C0 4E 44 52 20 4B,17
16:02:47.714,22 75 6C 74 AA AA AA AA,53
16:02:47.750,21 24 CC 00 00 00 00 00,14
16:02:47.759,22 00 00 00 AA AA AA AA,60
16:02:47.805,10 10 0C 0F 0E 05 D3 88,2
16:02:47.821,22 00 00 00 AA AA AA AA,60
16:02:47.849,10 10 0C 0F 0F 05 D3 E1,7
16:02:47.869,21 22 F6 4E 44 52 20 31,34
16:02:47.881,22 20 53 48 AA AA AA AA,34
16:03:07.207,10 10 0C 10 01 05 1B 16,2
16:03:07.217,21 25 EE 45 4E 45 52 47,37
16:03:07.226,22 59 20 20 AA AA AA AA,35
16:03:07.256,10 10 0C 10 02 05 10 28,1
16:03:07.265,21 28 A0 46 4C 55 58 46,34
16:03:07.276,22 4D 20 20 AA AA AA AA,35
16:03:07.311,10 10 0C 10 03 05 14 51,2
16:03:07.326,21 25 1C 48 48 20 5A 57,36
16:03:07.370,10 10 0C 10 04 05 10 54,1
16:03:07.377,21 24 54 46 53 4B 20 39,36
16:03:07.403,22 33 2E 30 AA AA AA AA,36
16:03:07.440,10 10 0C 10 05 05 10 55,2
16:03:07.450,21 23 D2 39 20 31 20 37,36
16:03:07.466,22 58 46 4D AA AA AA AA,35
16:03:07.510,10 10 0C 10 06 05 10 56,2
16:03:07.526,22 36 2E 30 AA AA AA AA,31
16:03:07.559,10 10 0C 10 07 05 D2 20,2
16:03:07.566,21 22 CE 44 6C 66 20 4B,35
16:03:07.589,22 75 6C 74 AA AA AA AA,53
16:03:07.628,10 10 0C 10 08 05 D4 51,2
16:03:07.686,10 10 0C 10 09 05 D3 58,2
16:03:07.699,21 28 78 52 41 44 49 4F,36
16:03:07.707,22 20 48 48 AA AA AA AA,35
16:03:07.746,10 10 0C 10 0A 05 D7 5B,2
16:03:07.755,21 26 52 4B 4C 41 53 53,36
16:03:07.767,22 49 4B 20 AA AA AA AA,35
16:03:07.806,10 10 0C 10 0B 05 D3 82,2
16:03:07.819,21 22 38 20 4E 44 52 20,29
16:03:07.826,22 32 20 20 AA AA AA AA,29
16:03:07.866,21 26 C0 4E 44 52 20 4B,17
16:03:07.875,22 75 6C 74 AA AA AA AA,53
16:03:07.907,10 10 0C 10 0D 05 D3 84,2
16:03:07.927,21 24 0E 00 00 00 00 00,14
16:03:07.965,10 10 0C 10 0E 05 D3 85,2
16:03:07.974,21 24 CC 00 00 00 00 00,14
16:03:07.987,22 00 00 00 AA AA AA AA,60
16:03:08.030,10 10 0C 10 0F 05 D3 88,2
16:03:08.047,21 27 4C 00 00 00 00 00,25
16:03:08.055,22 00 00 00 AA AA AA AA,60
16:03:08.086,10 10 0C 10 10 05 D3 E1,1
16:03:08.105,21 22 F6 4E 44 52 20 31,34
16:03:08.117,22 20 53 48 AA AA AA AA,34
16:03:10.359,21 61 20 4D 61 78 20 2F,6
16:03:10.377,22 20 57 68 6F 27 73 20,6
16:03:10.405,24 67 20 4E 6F 77 20 20,6
16:03:10.429,25 20 20 20 20 20 20 20,7
16:03:10.444,26 20 20 20 20 20 20 20,18
16:03:10.453,27 20 20 20 20 20 20 20,26
16:03:10.475,28 20 20 20 20 20 20 20,26
16:03:10.488,29 20 20 20 20 20 20 AA,34
16:03:27.579,10 10 0C 10 01 05 1B 16,2
16:03:27.597,21 25 EE 45 4E 45 52 47,37
16:03:27.606,22 59 20 20 AA AA AA AA,35
16:03:27.655,21 28 A0 46 4C 55 58 46,34
16:03:27.666,22 4D 20 20 AA AA AA AA,35
16:03:27.701,10 10 0C 10 03 05 14 51,2
16:03:27.713,21 25 1C 48 48 20 5A 57,36
16:03:27.720,22 45 49 20 AA AA AA AA,35
16:03:27.769,22 33 2E 30 AA AA AA AA,36
16:03:27.805,10 10 0C 10 05 05 10 55,2
16:03:27.811,21 23 D2 39 20 31 20 37,36
16:03:27.855,10 10 0C 10 06 05 10 56,2
16:03:27.875,22 36 2E 30 AA AA AA AA,31
16:03:27.901,10 10 0C 10 07 05 D2 20,2
16:03:27.917,22 75 6C 74 AA AA AA AA,53
16:03:27.955,10 10 0C 10 08 05 D4 51,2
16:03:27.965,21 23 46 4E 44 52 20 39,33
16:03:28.005,10 10 0C 10 09 05 D3 58,2
16:03:28.011,21 28 78 52 41 44 49 4F,36
16:03:28.020,22 20 48 48 AA AA AA AA,35
16:03:28.051,10 10 0C 10 0A 05 D7 5B,2
16:03:28.063,21 26 52 4B 4C 41 53 53,36
16:03:28.114,10 10 0C 10 0B 05 D3 82,2
16:03:28.126,21 22 38 20 4E 44 52 20,29
16:03:28.160,10 10 0C 10 0C 05 D3 83,1
16:03:28.169,22 75 6C 74 AA AA AA AA,53
16:03:28.207,10 10 0C 10 0D 05 D3 84,2
16:03:28.224,21 24 0E 00 00 00 00 00,14
16:03:28.261,10 10 0C 10 0E 05 D3 85,2
16:03:28.276,22 00 00 00 AA AA AA AA,60
16:03:28.313,10 10 0C 10 0F 05 D3 88,2
16:03:28.321,21 27 4C 00 00 00 00 00,25
16:03:28.327,22 00 00 00 AA AA AA AA,60
16:05:09.322,10 10 0C 0F 01 05 1B 16,7
16:05:09.330,21 25 EE 45 4E 45 52 47,37
16:05:09.339,22 59 20 20 AA AA AA AA,35
16:05:09.367,10 10 0C 0F 02 05 10 28,8
16:05:09.381,21 28 A0 46 4C 55 58 46,34
16:05:09.403,22 4D 20 20 AA AA AA AA,35
16:05:09.430,10 10 0C 0F 03 05 14 51,8
16:05:09.442,21 25 1C 48 48 20 5A 57,36
16:05:09.448,22 45 49 20 AA AA AA AA,35
16:05:09.484,10 10 0C 0F 04 05 10 54,8
16:05:09.514,21 24 54 46 53 4B 20 39,36
16:05:09.522,22 33 2E 30 AA AA AA AA,36
16:05:09.549,10 10 0C 0F 05 05 10 55,8
16:05:09.555,21 23 D2 39 20 31 20 37,36
16:05:09.566,22 58 46 4D AA AA AA AA,35
16:05:09.607,10 10 0C 0F 06 05 10 56,8
16:05:09.631,21 25 80 54 49 44 45 39,30
16:05:09.642,22 36 2E 30 AA AA AA AA,31
16:05:09.680,10 10 0C 0F 07 05 D2 20,8
16:05:09.697,21 22 CE 44 6C 66 20 4B,35
16:05:09.706,22 75 6C 74 AA AA AA AA,53
16:05:09.738,10 10 0C 0F 08 05 D4 51,8
16:05:09.751,21 23 46 4E 44 52 20 39,33
16:05:09.764,22 30 2C 33 AA AA AA AA,32
16:05:09.804,10 10 0C 0F 09 05 D3 58,8
16:05:09.807,21 28 78 52 41 44 49 4F,36
16:05:09.814,22 20 48 48 AA AA AA AA,35
16:05:09.841,10 10 0C 0F 0A 05 D7 5B,7
16:05:09.846,21 26 52 4B 4C 41 53 53,36
16:05:09.855,22 49 4B 20 AA AA AA AA,35
16:05:09.883,10 10 0C 0F 0B 05 D3 82,8
16:05:09.888,21 22 38 20 4E 44 52 20,29
16:05:09.908,22 32 20 20 AA AA AA AA,29
16:05:09.934,10 10 0C 0F 0C 05 D3 83,8
16:05:09.939,21 26 C0 4E 44 52 20 4B,17
16:05:09.946,22 75 6C 74 AA AA AA AA,53
16:05:09.975,10 10 0C 0F 0D 05 D3 84,7
16:05:09.982,21 24 0E 00 00 00 00 00,14
16:05:10.001,22 00 00 00 AA AA AA AA,60
16:05:10.029,10 10 0C 0F 0E 05 D3 85,6
16:05:10.035,21 24 CC 00 00 00 00 00,14
16:05:10.040,22 00 00 00 AA AA AA AA,60
16:05:10.068,10 10 0C 0F 0F 05 D3 E1,7
16:05:10.080,21 22 F6 4E 44 52 20 31,34
16:05:10.087,22 20 53 48 AA AA AA AA,34
16:05:11.869,10 44 09 00 00 05 56 49,5
16:05:11.879,21 5A 45 20 26 20 54 6F,5
16:05:11.888,22 6D 20 47 72 65 67 6F,5
16:05:11.914,23 72 79 20 2F 20 4E 65,5
16:05:11.923,24 76 65 72 20 4C 65 74,5
16:05:11.931,25 20 4D 65 20 44 6F 77,5
16:05:11.938,26 6E 20 20 20 20 20 20,5
16:05:11.946,27 20 20 20 20 20 20 20,26
16:05:11.951,28 20 20 20 20 20 20 20,26
16:05:11.964,29 20 20 20 20 20 20 AA,34
16:05:29.675,10 10 0C 0F 01 05 1B 16,7
16:05:29.686,21 25 EE 45 4E 45 52 47,37
16:05:29.692,22 59 20 20 AA AA AA AA,35
16:05:29.729,10 10 0C 0F 02 05 10 28,8
16:05:29.738,21 28 A0 46 4C 55 58 46,34
16:05:29.748,22 4D 20 20 AA AA AA AA,35
16:05:29.774,10 10 0C 0F 03 05 14 51,8
16:05:29.784,21 25 1C 48 48 20 5A 57,36
16:05:29.791,22 45 49 20 AA AA AA AA,35
16:05:29.819,10 10 0C 0F 04 05 10 54,8
16:05:29.828,21 24 54 46 53 4B 20 39,36
16:05:29.838,22 33 2E 30 AA AA AA AA,36
16:05:29.868,10 10 0C 0F 05 05 10 55,8
16:05:29.873,21 23 D2 39 20 31 20 37,36
16:05:29.884,22 58 46 4D AA AA AA AA,35
16:05:29.915,10 10 0C 0F 06 05 10 56,8
16:05:29.921,21 25 80 54 49 44 45 39,30
16:05:29.927,22 36 2E 30 AA AA AA AA,31
16:05:29.952,10 10 0C 0F 07 05 D2 20,8
16:05:29.964,21 22 CE 44 6C 66 20 4B,35
16:05:29.971,22 75 6C 74 AA AA AA AA,53
16:05:30.013,10 10 0C 0F 08 05 D4 51,8
16:05:30.020,21 23 46 4E 44 52 20 39,33
16:05:30.034,22 30 2C 33 AA AA AA AA,32
16:05:30.064,10 10 0C 0F 09 05 D3 58,8
16:05:30.072,21 28 78 52 41 44 49 4F,36
16:05:30.081,22 20 48 48 AA AA AA AA,35
16:05:30.110,10 10 0C 0F 0A 05 D7 5B,7
16:05:30.118,21 26 52 4B 4C 41 53 53,36
16:05:30.129,22 49 4B 20 AA AA AA AA,35
16:05:30.157,10 10 0C 0F 0B 05 D3 82,8
16:05:30.170,21 22 38 20 4E 44 52 20,29
16:05:30.180,22 32 20 20 AA AA AA AA,29
16:05:30.214,10 10 0C 0F 0C 05 D3 83,8
16:05:30.220,21 26 C0 4E 44 52 20 4B,17
16:05:30.234,22 75 6C 74 AA AA AA AA,53
16:05:30.262,10 10 0C 0F 0D 05 D3 84,7
16:05:30.269,21 24 0E 00 00 00 00 00,14
16:05:30.280,22 00 00 00 AA AA AA AA,60
16:05:30.327,10 10 0C 0F 0E 05 D3 85,6
16:05:30.338,21 24 CC 00 00 00 00 00,14
16:05:30.347,22 00 00 00 AA AA AA AA,60
16:05:30.372,10 10 0C 0F 0F 05 D3 E1,7
16:05:30.386,21 22 F6 4E 44 52 20 31,34
16:05:30.412,22 20 53 48 AA AA AA AA,34
16:05:36.376,10 44 09 00 00 05 56 49,5
16:05:36.402,21 5A 45 20 26 20 54 6F,5
16:05:36.435,22 6D 20 47 72 65 67 6F,5
16:05:36.450,23 72 79 20 2F 20 4E 65,5
16:05:36.468,24 76 65 72 20 4C 65 74,5
16:05:36.490,25 20 4D 65 20 44 6F 77,5
16:05:36.510,26 6E 20 20 20 20 20 20,5
16:05:36.526,27 20 20 20 20 20 20 20,26
16:05:36.535,28 20 20 20 20 20 20 20,26
16:05:36.543,29 20 20 20 20 20 20 AA,34
16:05:49.950,10 10 0C 0F 01 05 1B 16,7
16:05:49.955,21 25 EE 45 4E 45 52 47,37
16:05:49.975,22 59 20 20 AA AA AA AA,35
16:05:50.004,10 10 0C 0F 02 05 10 28,8
16:05:50.016,21 28 A0 46 4C 55 58 46,34
16:05:50.027,22 4D 20 20 AA AA AA AA,35
16:05:50.053,10 10 0C 0F 03 05 14 51,8
16:05:50.068,21 25 1C 48 48 20 5A 57,36
16:05:50.072,22 45 49 20 AA AA AA AA,35
16:05:50.102,10 10 0C 0F 04 05 10 54,8
16:05:50.117,21 24 54 46 53 4B 20 39,36
16:05:50.124,22 33 2E 30 AA AA AA AA,36
16:05:50.153,10 10 0C 0F 05 05 10 55,8
16:05:50.168,21 23 D2 39 20 31 20 37,36
16:05:50.175,22 58 46 4D AA AA AA AA,35
16:05:50.204,10 10 0C 0F 06 05 10 56,8
16:05:50.227,21 25 80 54 49 44 45 39,30
16:05:50.230,22 36 2E 30 AA AA AA AA,31
16:05:50.267,10 10 0C 0F 07 05 D2 20,8
16:05:50.275,21 22 CE 44 6C 66 20 4B,35
16:05:50.279,22 75 6C 74 AA AA AA AA,53
16:05:50.320,10 10 0C 0F 08 05 D4 51,8
16:05:50.335,21 23 46 4E 44 52 20 39,33
16:05:50.341,22 30 2C 33 AA AA AA AA,32
16:05:50.375,10 10 0C 0F 09 05 D3 58,8
16:05:50.379,21 28 78 52 41 44 49 4F,36
16:05:50.404,22 20 48 48 AA AA AA AA,35
16:05:50.430,10 10 0C 0F 0A 05 D7 5B,7
16:05:50.442,21 26 52 4B 4C 41 53 53,36
16:05:50.450,22 49 4B 20 AA AA AA AA,35
16:05:50.487,10 10 0C 0F 0B 05 D3 82,8
16:05:50.511,21 22 38 20 4E 44 52 20,29
16:05:50.540,22 32 20 20 AA AA AA AA,29
16:05:50.580,10 10 0C 0F 0C 05 D3 83,8
16:05:50.592,21 26 C0 4E 44 52 20 4B,17
16:05:50.603,22 75 6C 74 AA AA AA AA,53
16:05:50.645,10 10 0C 0F 0D 05 D3 84,7
16:05:50.655,21 24 0E 00 00 00 00 00,14
16:05:50.667,22 00 00 00 AA AA AA AA,60
16:05:50.704,10 10 0C 0F 0E 05 D3 85,6
16:05:50.724,21 24 CC 00 00 00 00 00,14
16:05:50.732,22 00 00 00 AA AA AA AA,60
16:05:50.773,10 10 0C 0F 0F 05 D3 E1,7
16:05:50.779,21 22 F6 4E 44 52 20 31,34
16:05:50.787,22 20 53 48 AA AA AA AA,34
16:06:00.814,10 44 09 00 00 05 56 49,5
16:06:00.824,21 5A 45 20 26 20 54 6F,5
16:06:00.830,22 6D 20 47 72 65 67 6F,5
16:06:00.836,23 72 79 20 2F 20 4E 65,5
16:06:00.843,24 76 65 72 20 4C 65 74,5
16:06:00.851,25 20 4D 65 20 44 6F 77,5
16:06:00.869,26 6E 20 20 20 20 20 20,5
16:06:00.876,27 20 20 20 20 20 20 20,26
16:06:00.883,28 20 20 20 20 20 20 20,26
16:06:00.900,29 20 20 20 20 20 20 AA,34
16:06:10.647,10 10 0C 0F 01 05 1B 16,7
16:06:10.657,21 25 EE 45 4E 45 52 47,37
16:06:10.674,22 59 20 20 AA AA AA AA,35
16:06:10.731,10 10 0C 0F 02 05 10 28,8
16:06:10.740,21 28 A0 46 4C 55 58 46,34
16:06:10.750,22 4D 20 20 AA AA AA AA,35
16:06:10.778,10 10 0C 0F 03 05 14 51,8
16:06:10.784,21 25 1C 48 48 20 5A 57,36
16:06:10.802,22 45 49 20 AA AA AA AA,35
16:06:10.833,10 10 0C 0F 04 05 10 54,8
16:06:10.840,21 24 54 46 53 4B 20 39,36
16:06:10.853,22 33 2E 30 AA AA AA AA,36
16:06:10.880,10 10 0C 0F 05 05 10 55,8
16:06:10.892,21 23 D2 39 20 31 20 37,36
16:06:10.905,22 58 46 4D AA AA AA AA,35
16:06:10.933,10 10 0C 0F 06 05 10 56,8
16:06:10.940,21 25 80 54 49 44 45 39,30
16:06:10.947,22 36 2E 30 AA AA AA AA,31
16:06:10.973,10 10 0C 0F 07 05 D2 20,8
16:06:10.983,21 22 CE 44 6C 66 20 4B,35
16:06:11.001,22 75 6C 74 AA AA AA AA,53
16:06:11.029,10 10 0C 0F 08 05 D4 51,8
16:06:11.034,21 23 46 4E 44 52 20 39,33
16:06:11.040,22 30 2C 33 AA AA AA AA,32
16:06:11.069,10 10 0C 0F 09 05 D3 58,8
16:06:11.074,21 28 78 52 41 44 49 4F,36
16:06:11.081,22 20 48 48 AA AA AA AA,35
16:06:11.111,10 10 0C 0F 0A 05 D7 5B,7
16:06:11.124,21 26 52 4B 4C 41 53 53,36
16:06:11.131,22 49 4B 20 AA AA AA AA,35
16:06:11.173,10 10 0C 0F 0B 05 D3 82,8
16:06:11.181,21 22 38 20 4E 44 52 20,29
16:06:11.205,22 32 20 20 AA AA AA AA,29
16:06:11.233,10 10 0C 0F 0C 05 D3 83,8
16:06:11.240,21 26 C0 4E 44 52 20 4B,17
16:06:11.254,22 75 6C 74 AA AA AA AA,53
16:06:11.284,10 10 0C 0F 0D 05 D3 84,7
16:06:11.324,21 24 0E 4E 44 52 20 49,4
16:06:11.346,22 6E 66 6F AA AA AA AA,4
16:06:11.394,10 10 0C 0F 0E 05 D3 85,6
16:06:11.405,21 24 CC 00 00 00 00 00,14
16:06:11.413,22 00 00 00 AA AA AA AA,60
16:06:11.454,10 10 0C 0F 0F 05 D3 E1,7
16:06:11.481,21 22 F6 4E 44 52 20 31,34
16:06:11.507,22 20 53 48 AA AA AA AA,34
16:06:25.000,10 44 09 00 00 05 56 49,5
16:06:25.011,21 5A 45 20 26 20 54 6F,5
16:06:25.025,22 6D 20 47 72 65 67 6F,5
16:06:25.034,23 72 79 20 2F 20 4E 65,5
16:06:25.040,24 76 65 72 20 4C 65 74,5
16:06:25.056,25 20 4D 65 20 44 6F 77,5
16:06:25.069,26 6E 20 20 20 20 20 20,5
16:06:25.077,27 20 20 20 20 20 20 20,26
16:06:25.083,28 20 20 20 20 20 20 20,26
16:06:25.090,29 20 20 20 20 20 20 AA,34
16:06:30.676,10 10 0C 0F 01 05 1B 16,7
16:06:30.682,21 25 EE 45 4E 45 52 47,37
16:06:30.689,22 59 20 20 AA AA AA AA,35
16:06:30.725,10 10 0C 0F 02 05 10 28,8
16:06:30.734,21 28 A0 46 4C 55 58 46,34
16:06:30.740,22 4D 20 20 AA AA AA AA,35
16:06:30.772,10 10 0C 0F 03 05 14 51,8
16:06:30.780,21 25 1C 48 48 20 5A 57,36
16:06:30.790,22 45 49 20 AA AA AA AA,35
16:06:30.825,10 10 0C 0F 04 05 10 54,8
16:06:30.837,21 24 54 46 53 4B 20 39,36
16:06:30.848,22 33 2E 30 AA AA AA AA,36
16:06:30.877,10 10 0C 0F 05 05 10 55,8
16:06:30.882,21 23 D2 39 20 31 20 37,36
16:06:30.891,22 58 46 4D AA AA AA AA,35
16:06:30.933,10 10 0C 0F 06 05 10 56,8
16:06:30.939,21 25 80 54 49 44 45 39,30
16:06:30.945,22 36 2E 30 AA AA AA AA,31
16:06:30.975,10 10 0C 0F 07 05 D2 20,8
16:06:30.983,21 22 CE 44 6C 66 20 4B,35
16:06:30.993,22 75 6C 74 AA AA AA AA,53
16:06:31.028,10 10 0C 0F 08 05 D4 51,8
16:06:31.036,21 23 46 4E 44 52 20 39,33
16:06:31.040,22 30 2C 33 AA AA AA AA,32
16:06:31.068,10 10 0C 0F 09 05 D3 58,8
16:06:31.075,21 28 78 52 41 44 49 4F,36
16:06:31.081,22 20 48 48 AA AA AA AA,35
16:06:31.109,10 10 0C 0F 0A 05 D7 5B,7
16:06:31.113,21 26 52 4B 4C 41 53 53,36
16:06:31.123,22 49 4B 20 AA AA AA AA,35
16:06:31.152,10 10 0C 0F 0B 05 D3 82,8
16:06:31.169,21 22 38 20 4E 44 52 20,29
16:06:31.175,22 32 20 20 AA AA AA AA,29
16:06:31.208,10 10 0C 0F 0C 05 D3 83,8
16:06:31.213,21 26 C0 4E 44 52 20 4B,17
16:06:31.224,22 75 6C 74 AA AA AA AA,53
16:06:31.256,10 10 0C 0F 0D 05 D3 84,7
16:06:31.273,21 24 0E 4E 44 52 20 49,4
16:06:31.281,22 6E 66 6F AA AA AA AA,4
16:06:31.328,10 10 0C 0F 0E 05 D3 85,6
16:06:31.333,21 24 CC 00 00 00 00 00,14
16:06:31.340,22 00 00 00 AA AA AA AA,60
16:06:31.375,10 10 0C 0F 0F 05 D3 E1,7
16:06:31.392,21 22 F6 4E 44 52 20 31,34
16:06:31.401,22 20 53 48 AA AA AA AA,34
16:06:49.432,10 44 09 00 00 05 56 49,5
16:06:49.441,21 5A 45 20 26 20 54 6F,5
16:06:49.445,22 6D 20 47 72 65 67 6F,5
16:06:49.452,23 72 79 20 2F 20 4E 65,5
16:06:49.488,24 76 65 72 20 4C 65 74,5
16:06:49.512,25 20 4D 65 20 44 6F 77,5
16:06:49.532,26 6E 20 20 20 20 20 20,5
16:06:49.538,27 20 20 20 20 20 20 20,26
16:06:49.544,28 20 20 20 20 20 20 20,26
16:06:49.550,29 20 20 20 20 20 20 AA,34
16:06:50.955,10 10 0C 0E 01 05 1B 16,12
16:06:50.972,21 25 EE 45 4E 45 52 47,37
16:06:50.983,22 59 20 20 AA AA AA AA,35
16:06:51.015,10 10 0C 0E 02 05 14 51,1
16:06:51.025,21 25 1C 48 48 20 5A 57,36
16:06:51.032,22 45 49 20 AA AA AA AA,35
16:06:51.073,10 10 0C 0E 03 05 10 54,1
16:06:51.086,21 24 54 46 53 4B 20 39,36
16:06:51.092,22 33 2E 30 AA AA AA AA,36
16:06:51.134,10 10 0C 0E 04 05 10 55,1
16:06:51.141,21 23 D2 39 20 31 20 37,36
16:06:51.145,22 58 46 4D AA AA AA AA,35
16:06:51.177,10 10 0C 0E 05 05 10 56,1
16:06:51.189,21 25 80 54 49 44 45 39,30
16:06:51.192,22 36 2E 30 AA AA AA AA,31
16:06:51.226,10 10 0C 0E 06 05 D2 20,5
16:06:51.232,21 22 CE 44 6C 66 20 4B,35
16:06:51.238,22 75 6C 74 AA AA AA AA,53
16:06:51.267,10 10 0C 0E 07 05 D4 51,5
16:06:51.283,21 23 46 4E 44 52 20 39,33
16:06:51.325,22 30 2C 33 AA AA AA AA,32
16:06:51.353,10 10 0C 0E 08 05 D3 58,6
16:06:51.371,21 28 78 52 41 44 49 4F,36
16:06:51.391,22 20 48 48 AA AA AA AA,35
16:06:51.426,10 10 0C 0E 09 05 D7 5B,6
16:06:51.435,21 26 52 4B 4C 41 53 53,36
16:06:51.441,22 49 4B 20 AA AA AA AA,35
16:06:51.508,10 10 0C 0E 0A 05 D3 82,6
16:06:51.522,21 22 38 20 4E 44 52 20,29
16:06:51.532,22 32 20 20 AA AA AA AA,29
16:06:51.569,10 10 0C 0E 0B 05 D3 83,6
16:06:51.574,21 26 C0 4E 44 52 20 4B,17
16:06:51.589,22 75 6C 74 AA AA AA AA,53
16:06:51.624,10 10 0C 0E 0C 05 D3 84,6
16:06:51.635,21 24 0E 4E 44 52 20 49,4
16:06:51.648,22 6E 66 6F AA AA AA AA,4
16:06:51.675,10 10 0C 0E 0D 05 D3 85,1
16:06:51.689,21 24 CC 00 00 00 00 00,14
16:06:51.694,22 00 00 00 AA AA AA AA,60
16:06:51.727,10 10 0C 0E 0E 05 D3 E1,12
16:06:51.734,21 22 F6 4E 44 52 20 31,34
16:06:51.739,22 20 53 48 AA AA AA AA,34
16:07:07.640,10 44 09 00 00 05 4C 41,2
16:07:07.648,21 20 56 69 73 69 6F 6E,2
16:07:07.671,23 20 44 27 41 67 6F 73,2
16:07:07.687,25 48 6F 6C 6C 79 77 6F,2
16:07:07.692,26 6F 64 20 20 20 20 20,2
16:07:07.703,27 20 20 20 20 20 20 20,26
16:07:07.718,28 20 20 20 20 20 20 20,26
16:07:07.727,29 20 20 20 20 20 20 AA,34
16:07:13.682,10 44 09 00 00 05 4C 41,2
16:07:13.688,21 20 56 69 73 69 6F 6E,2
16:07:13.701,22 20 26 20 47 69 67 69,1
16:07:13.729,23 20 44 27 41 67 6F 73,2
16:07:13.734,24 74 69 6E 6F 20 2F 20,1
16:07:13.740,25 48 6F 6C 6C 79 77 6F,2
16:07:13.749,26 6F 64 20 20 20 20 20,2
16:07:13.754,27 20 20 20 20 20 20 20,26
16:07:13.771,28 20 20 20 20 20 20 20,26
16:07:13.780,29 20 20 20 20 20 20 AA,34
16:07:13.792,10 10 0C 0F 01 05 1B 16,7
16:07:13.804,21 25 EE 45 4E 45 52 47,37
16:07:13.841,10 10 0C 0F 02 05 10 28,8
16:07:13.846,21 28 A0 46 4C 55 58 46,34
16:07:13.895,10 10 0C 0F 03 05 14 51,8
16:07:13.934,10 10 0C 0F 04 05 10 54,8
16:07:13.939,21 24 54 46 53 4B 20 39,36
16:07:13.949,22 33 2E 30 AA AA AA AA,36
16:07:13.979,10 10 0C 0F 05 05 10 55,8
16:07:13.990,21 23 D2 39 20 31 20 37,36
16:07:14.031,10 10 0C 0F 06 05 10 56,8
16:07:14.041,21 25 80 54 49 44 45 39,30
16:07:14.086,10 10 0C 0F 07 05 D2 20,8
16:07:14.093,21 22 CE 44 6C 66 20 4B,35
16:07:14.103,22 75 6C 74 AA AA AA AA,53
16:07:14.133,10 10 0C 0F 08 05 D4 51,8
16:07:14.137,21 23 46 4E 44 52 20 39,33
16:07:14.142,22 30 2C 33 AA AA AA AA,32
16:07:14.178,10 10 0C 0F 09 05 D3 58,8
16:07:14.188,21 28 78 52 41 44 49 4F,36
16:07:14.193,22 20 48 48 AA AA AA AA,35
16:07:14.233,21 26 52 4B 4C 41 53 53,36
16:07:14.275,10 10 0C 0F 0B 05 D3 82,8
16:07:14.308,21 22 38 20 4E 44 52 20,29
16:07:14.324,22 32 20 20 AA AA AA AA,29
16:07:14.372,10 10 0C 0F 0C 05 D3 83,8
16:07:14.380,21 26 C0 4E 44 52 20 4B,17
16:07:14.393,22 75 6C 74 AA AA AA AA,53
16:07:14.434,10 10 0C 0F 0D 05 D3 84,7
16:07:14.440,21 24 0E 4E 44 52 20 49,4
16:07:14.451,22 6E 66 6F AA AA AA AA,4
16:07:14.507,10 10 0C 0F 0E 05 D3 85,6
16:07:14.532,21 24 CC 00 00 00 00 00,14
16:07:14.539,22 00 00 00 AA AA AA AA,60
16:07:14.580,21 22 F6 4E 44 52 20 31,34
16:07:14.589,22 20 53 48 AA AA AA AA,34
